bid,name,pattern,subPattern,expected,got,delta,deltaAbs
,Grinding Of The Teeth x1.35,tech,stream tech,18,17.75,0.25,0.25
,The Fate of x1.425,stamina,light jumpstream,18,17.78,0.22,0.22
,Agoniya (Opium Remix)(theta) x1.1,speed,high stream,18,17.77,0.23,0.23
,Rip Me Apart(theta) x1.075,jack,dense chordjack,17.8,17.84,-0.04,0.04
,Exitium(eta),tech,stream tech,17.2,17.22,-0.02,0.02
,Intersect Thunderbolt-Remix,speed,mid stream,17.2,16.59,0.61,0.61
,Torment Payback,jack,high chordjack,17.2,17.22,-0.02,0.02
,Collapse of Ego,stamina,dense jumpstream,16.8,16.91,-0.11,0.11
,Angel Dust (2016 Radio Mix)(zeta),jack,anchor chordjack,15.6,15.79,-0.19,0.19
,northern limit(haku) x1.1,tech,stream tech,16.4,16.75,-0.35,0.35
,Purgatorium(efv2) x1.14,tech,stream tech,16.4,16.59,-0.19,0.19
,Angel Dust(spz),stamina,light handstream,16.4,16.39,0.01,0.01
,Angel Dust (2016 Radio Mix)(zeta old),jack,high chordjack,16.4,16.45,-0.05,0.05
,Nijuu(zeta),stamina,dense handstream,16.2,15.93,0.27,0.27
,Kizuato(efv3) x1.3,speed,staircase,16.2,16.28,-0.08,0.08
,Apocalyptic Premonition x1.05,tech,stream tech,16,16.03,-0.03,0.03
,NEURO-CLOUD-9(efv3),tech,stream tech,16,16.34,-0.34,0.34
,Senkou no Furea(haku) x1.25,stamina,dense handstream,16,15.59,0.41,0.41
,HIBACHI,speed,high stream,16,15.87,0.13,0.13
,Credens Justitiam(haku) x1.1,speed,mid stream,16,15.73,0.27,0.27
,Double Universe x1.2,jack,mid chordjack,16,16.15,-0.15,0.15
,Infinity Heaven(180bpm),jack,high chordjack,16,16.31,-0.31,0.31
,Runengon(efv3),stamina,dense handstream,15.7,15.83,-0.13,0.13
,Weird Autumn(spz) x1.4,tech,stream tech,15.6,15.70,-0.10,0.10
,Vertex Beta(spz cut),jack,mid chordjack,15.6,15.27,0.33,0.33
,Deadly force - Put an end,stamina,dense handstream,15.4,15.58,-0.18,0.18
,Finixe(zeta) x1.1,speed,low stream,15.4,15.84,-0.44,0.44
,Forgotten[Collab(2015)] x1.4,tech,jack tech,15.2,15.11,0.09,0.09
,Matusa Bomber x1.3,tech,stream tech,15,15.28,-0.28,0.28
,Hitsugi to Futago x1.25,stamina,dense jumpstream,15,15.15,-0.15,0.15
,Ash Statues(wafles)[Inhuman],stamina,dense jumpstream,15,15.00,0.00,0.00
,Mario Point[D-Another],speed,low stream,15,15.31,-0.31,0.31
,Shuuten,speed,high stream,15,15.23,-0.23,0.23
,crazy_tek (DJ Noriken Remix)(e9v3),jack,high chordjack,15,14.95,0.05,0.05
,Rose Quartz(epsilon) x1.3,jack,high chordjack,15,15.12,-0.12,0.12
,Nhelv(e9v3),tech,stream tech,14.8,15.26,-0.46,0.46
,Kimi to bokueno sousouka,speed,Unsigned,14.8,15.18,-0.38,0.38
,Shuu no hazama,tech,stream tech,14.7,14.80,-0.10,0.10
,Paradigm Shift(e8v2) x1.15,speed,low stream,14.7,14.89,-0.19,0.19
,Ash Statues(rachel),stamina,dense jumpstream,14.6,14.92,-0.32,0.32
,CRIMSON FIGHTER x1.15,stamina,dense handstream,14.6,14.74,-0.14,0.14
,Amatsukami x1.15,speed,high stream,14.6,14.76,-0.16,0.16
,Lalala.Refrain(sp7v2) x1.1,speed,mid stream,14.6,14.67,-0.07,0.07
,Tactical Railroad(ATTang),speed,high stream,14.6,14.34,0.26,0.26
,Hayabusa(e8v3),jack,high chordjack,14.6,14.69,-0.09,0.09
,Search And Destroy(Ena) x1.25,stamina,dense handstream,14.6,14.90,-0.30,0.30
3755310,Death Melody(e8v2) x1.25,stamina,dense handstream,14.5,14.76,-0.26,0.26
,Stay Alive (Zekk Remix) x1.25,speed,mid stream,14.5,14.69,-0.19,0.19
,Paraclete -Miracle,speed,low stream,14.5,14.49,0.01,0.01
,Alpha,tech,stream tech,14.4,14.11,0.29,0.29
,Ankoku Butoukai,tech,mix tech,14.4,13.88,0.52,0.52
,Kaguyahime(mintapril) x1.2,tech,mix tech,14.4,14.07,0.33,0.33
,Heaven's Fall(e7v3) x1.4,stamina,dense handstream,14.4,14.23,0.17,0.17
,Ash Statues(wafles)[Passable],stamina,light jumpstream,14.4,13.97,0.43,0.43
,STRONG 280(11bit),stamina,dense handstream,14.4,14.13,0.27,0.27
,Pine Nut,speed,high stream,14.4,13.95,0.45,0.45
,LiFE Garden(e7v3) x1.05,jack,high chordjack,14.4,14.30,0.10,0.10
,Crescent Moon Boss Battle x1.05,tech,stream tech,14,13.99,0.01,0.01
,FUTURE DOMINATORS(delta) x1.3,stamina,dense handstream,14,14.00,0.00,0.00
,Quadraphinix x1.5,stamina,dense handstream,14,14.00,0.00,0.00
,Volcanic(delta),speed,high stream,14,13.99,0.01,0.01
,STRONG 280(isxi),jack,dense chordjack,14,13.89,0.11,0.11
,Aquaris(snover) x1.3,jack,low chordjack,14,14.05,-0.05,0.05
,Ascension to heaven(sp6v2) x0.975,speed,Unsigned,13.8,13.89,-0.09,0.09
,Nhelv(Guilhermeziat),tech,jack tech,13.6,13.51,0.09,0.09
,Shadows of Cats(tachyon) x1.2,tech,stream tech,13.6,13.68,-0.08,0.08
,The Empress(delta),stamina,dense handstream,13.6,13.46,0.14,0.14
,Nopea,speed,mid stream,13.6,13.63,-0.03,0.03
,Pastel Subliminal,speed,Unsigned,13.5,13.76,-0.26,0.26
,Extraction,tech,Unsigned,13.4,13.42,-0.02,0.02
,Tornado [Devastation](interliser),tech,mix tech,13.4,13.13,0.27,0.27
,Cyber Inductance(tachyon) x1.4,stamina,dense jumpstream,13.4,13.29,0.11,0.11
3477045,Electric Angel(e5v3) x1.2,speed,high stream,13.4,13.24,0.16,0.16
,Angel Dust(tachyon),speed,high stream,13.4,13.17,0.23,0.23
,Defeat awaken battle ship,jack,high chordjack,13.4,13.06,0.34,0.34
,WE LUV LAMA(gamma) x1.2,stamina,dense jumpstream,13,13.03,-0.03,0.03
,Reflec Streamz(gamma),speed,low stream,13,13.37,-0.37,0.37
,Break(loved) x1.1,jack,high chordjack,13,13.07,-0.07,0.07
,Sendan Life(OpakyL),jack,dense chordjack,13,12.54,0.46,0.46
,Unsan-musho,tech,stream tech,12.8,12.97,-0.17,0.17
,Sonesaki Shinju(sp5v2) x0.925,speed,Unsigned,12.7,12.85,-0.15,0.15
,Fastest Crash (gamma),tech,stream tech,12.6,12.86,-0.26,0.26
,Shinbatsu o Tadori Kyoukotsu ni Itaru(evening),stamina,dense jumpstream,12.6,12.68,-0.08,0.08
,The Truth Never Spoken,jack,mid chordjack,12.6,12.82,-0.22,0.22
,Bring Our Ignition Back x1.1,jack,mid chordjack,12.6,12.79,-0.19,0.19
,Japanese Transformation(fullerene),stamina,dense jumpstream,12.5,12.49,0.01,0.01
,Crystal World -Fracture-,speed,Unsigned,12.5,13.04,-0.54,0.54
,IMAGE -MATERIAL- Version 0(luminal),stamina,light handstream,12.4,12.37,0.03,0.03
,Lolit Speed,stamina,dense jumpstream,12.4,11.34,1.06,1.06
,Pure Ruby,speed,Unsigned,12.4,12.40,0.00,0.00
,Odin(fullerene),speed,high stream,12.4,12.25,0.15,0.15
,Mario Point[D-Hyper],speed,low stream,12.4,11.68,0.72,0.72
,ZENITHALIZE,jack,high chordjack,12.4,12.74,-0.34,0.34
,IMAGE -MATERIAL- Version 0(fullerene),stamina,light handstream,12.3,12.23,0.07,0.07
,YELL!(e4v2),speed,Unsigned,12.2,12.18,0.02,0.02
,Asymmetrical Grooves,tech,Unsigned,12,12.70,-0.70,0.70
,Blue Planet,tech,stream tech,12,12.61,-0.61,0.61
,Time to Say Goodbye(beta),stamina,dense jumpstream,12,12.24,-0.24,0.24
,Amber Starlight(beta),speed,low stream,12,11.51,0.49,0.49
,Paradigm Shift(beta),jack,high chordjack,12,12.16,-0.16,0.16
,Edison(e3v3) x1.15,jack,mid chordjack,12,12.14,-0.14,0.14
,Akasha(sp3v2) x0.88,speed,Unsigned,11.7,10.69,1.01,1.01
,End Time(e3v2) x1.1,speed,Unsigned,11.5,11.36,0.14,0.14
,INTERNET OVERDOSE x1.05,tech,stream tech,11.4,12.20,-0.80,0.80
,Euthanasia x1.05,speed,Unsigned,11.2,11.50,-0.30,0.30
,LazorBeamz,stamina,light jumpstream,11,11.36,-0.36,0.36
,Makiba(alpha),speed,low stream,11,11.44,-0.44,0.44
,Dark Sambaland,jack,high chordjack,11,11.39,-0.39,0.39
,Odoru Mizushibuki x1.1,tech,jack tech,10.8,11.29,-0.49,0.49
,Towards the Horizon,tech,Unsigned,10.8,11.38,-0.58,0.58
,P8107 x0.95,speed,low stream,10.8,11.91,-1.11,1.11
,Message(e2v2),speed,low stream,10.7,10.74,-0.04,0.04
,Moment x1.05,jack,high chordjack,10.6,10.91,-0.31,0.31
,Shin Takarajim(sp2v2),speed,Unsigned,10.5,10.71,-0.21,0.21
,Torikago,speed,mid stream,10.4,10.68,-0.28,0.28
,The Lost Dedicated(loved),jack,high chordjack,10.4,10.93,-0.53,0.53
,Eiya no Parade x1.05,speed,low stream,10.3,10.19,0.11,0.11
,Dope Monkeys x1.02,speed,low stream,10.1,9.58,0.52,0.52
,Tailin no Soul x1.2,tech,stream tech,10,9.83,0.17,0.17
,Rave 7 [Hard] x1.1,tech,stream tech,10,11.30,-1.30,1.30
,Chandelier(10),stamina,dense jumpstream,10,10.75,-0.75,0.75
,Oh Curry! x0.9,speed,staircase,10,9.58,0.42,0.42
,The Lost Dedicated(10),jack,high chordjack,10,10.92,-0.92,0.92
,Cicadidae,tech,stream tech,9,9.60,-0.60,0.60
,Firmament Castle Velier(9) x1.05,stamina,dense jumpstream,9,9.58,-0.58,0.58
,Disconnected Trance(9),speed,low stream,9,8.61,0.39,0.39
,Scorpion Dance,jack,high chordjack,9,9.90,-0.90,0.90
,Can't Take my Eyes,jack,low chordjack,9,9.77,-0.77,0.77
,RATO,tech,stream tech,8,8.60,-0.60,0.60
,Anguish(8),stamina,dense jumpstream,8,9.61,-1.61,1.61
,Trickstarz,speed,staircase,8,8.84,-0.84,0.84
,To The Limit(8),jack,high chordjack,8,8.66,-0.66,0.66
,WAVE,tech,mix tech,7,7.48,-0.48,0.48
,Hymn,stamina,light jumpstream,7,7.46,-0.46,0.46
,Last Chance,jack,Unsigned,7,7.28,-0.28,0.28
,Five Five Five Guys,speed,low stream,6.6,6.97,-0.37,0.37
,M-A[Expert Lv.15],stamina,dense jumpstream,6.2,7.46,-1.26,1.26
,The Bird's Midair Heatstroke,tech,Unsigned,6,5.27,0.73,0.73
,Luv Lab 22ate!,speed,mid stream,6,6.33,-0.33,0.33
,SOS,speed,mid stream,6,6.32,-0.32,0.32
,Sweet Cherry X,jack,Unsigned,6,5.89,0.11,0.11
,Back to the Gate[Lv.5100],stamina,dense jumpstream,6,6.19,-0.19,0.19
,Brainfog,tech,Unsigned,5,5.33,-0.33,0.33
,Elektric U-Phoria,stamina,dense jumpstream,5,5.96,-0.96,0.96
,Palette GAMMA[Abstract],speed,low stream,5,5.45,-0.45,0.45
,TDPDG,speed,low stream,5,5.54,-0.54,0.54
,Energy Flower 3007,jack,Unsigned,5,4.91,0.09,0.09
,Angel Of Darkness,stamina,light jumpstream,4.2,4.80,-0.60,0.60
,Ephemera,tech,Unsigned,4,3.95,0.05,0.05
,Shannon's Theorem,tech,stream tech,4,4.57,-0.57,0.57
,CrossOver,jack,Unsigned,4,3.49,0.51,0.51
,Kirlian Shores,tech,Unsigned,3,2.59,0.41,0.41
,True Blue,stamina,Unsigned,3,3.49,-0.49,0.49
,Entelechia,speed,mid stream,3,3.50,-0.50,0.50
,Dimension Trippere!!!!,jack,Unsigned,3,3.05,-0.05,0.05
,Vermillion,tech,Unsigned,2,2.10,-0.10,0.10
,Eternal Drain,stamina,Unsigned,2,2.59,-0.59,0.59
,Snow Storm,speed,Unsigned,2,2.80,-0.80,0.80
,Flashes,jack,Unsigned,2,2.60,-0.60,0.60
,Want U 2,tech,Unsigned,1,1.00,0.00,0.00
,Tommorow Perfume,stamina,Unsigned,1,2.60,-1.60,1.60
,Shelter,speed,Unsigned,1,1.00,0.00,0.00
,Miracle Chance,jack,Unsigned,1,1.00,0.00,0.00
3079544,Night Club Junkie x0.95,speed,low stream,14.6,14.67,-0.07,0.07
3079545,Night Club Junkie,speed,low stream,15,15.12,-0.12,0.12
3933034,kizuato x1.25,speed,staircase,15.8,15.79,0.01,0.01
3933037,kizuato x1.3,speed,staircase,16.2,16.28,-0.08,0.08
4692665,Everything Black x0.95,speed,high stream,14.8,14.90,-0.10,0.10
4692669,Everything Black,speed,high stream,15.2,15.23,-0.03,0.03
1455989,Moon Gate,speed,high stream,13,12.75,0.25,0.25
5111540,angel dust,stamina,light handstream,16.4,16.39,0.01,0.01
5195389,Lolit Speed x1.13,stamina,dense jumpstream,14,13.18,0.82,0.82
1305297,Tornado,tech,jacky tech,13.4,13.13,0.27,0.27
2196118,Kaguyahime x1.2,tech,jacky tech,14.4,14.07,0.33,0.33
1065834,Big Brother,tech,stream tech,10,10.14,-0.14,0.14
2877294,STRONG 280,stamina,dense handstream,14.4,14.13,0.27,0.27
716700,slavik goblins,stamina,dense handstream,13.7,13.67,0.03,0.03
1429738,star of andromeda,jack,low chordjack,11,10.13,0.87,0.87
3150955,star of andromeda x1.1,jack,low chordjack,13,11.75,1.25,1.25
3150957,star of andromeda x1.2,jack,low chordjack,14,13.21,0.79,0.79
3150959,star of andromeda x1.3,jack,low chordjack,15,14.18,0.82,0.82
3580775,star of andromeda x1.4,jack,low chordjack,16,15.03,0.97,0.97
2552927,paranoia,jack,low chordjack,10,10.13,-0.13,0.13
3260902,The Truth Never Spoken,jack,mid chordjack,12.6,12.82,-0.22,0.22
2308001,Vertex Beta,jack,mid chordjack,15.8,14.25,1.55,1.55
4706643,EVERYTHING BLACK,jack,high chordjack,13.6,13.53,0.07,0.07
3535951,Heaven's Fall x1.3,stamina,dense handstream,13.6,13.38,0.22,0.22
3107371,Rude Buster (Camellia Remix),stamina,dense handstream,14,13.63,0.37,0.37
3107368,Rude Buster (Camellia Remix) x1.1,stamina,dense handstream,15,14.70,0.30,0.30
1937582,Love is War x1.3,stamina,dense handstream,13.6,13.88,-0.28,0.28
2553924,ametsuchi x1.2,jack,low chordjack,8.6,7.43,1.17,1.17
,Oceanus(xfpsb1),ln,hybrid,9.5,9.01,0.49,0.49
,Otenba Koimusume,ln,density,9.5,8.89,0.61,0.61
,Gunjou Infinity [Buffed] (Cut),ln,speed,9.5,9.17,0.33,0.33
,Orca [Broken-],ln,tech,9.5,9.08,0.42,0.42
,Hanatachi ni Kibouwo 1.15x,ln,hybrid,10.5,10.25,0.25,0.25
,Akasha 1.05x,ln,density,10.5,10.34,0.16,0.16
,Ano Yume o Nazotte (Cut) 1.15x,ln,speed,10.5,9.36,1.14,1.14
,Yoru ni Kakeru (xfpsb2 Cut) 1.05x,ln,tech,10.5,9.86,0.64,0.64
,L4.8TS,ln,hybrid,11.5,12.00,-0.50,0.50
,Utakatayo Ikanaide [LN Edit] (Cut) 1.265x,ln,density,11.5,11.30,0.20,0.20
,bullet 1.15x,ln,speed,11.5,11.29,0.21,0.21
,HAMELN [Fanger] (Cut),ln,tech,11.5,9.38,2.12,2.12
,Aegleseeker [Galaxy+],ln,hybrid,12.5,11.65,0.85,0.85
,finorza (Cut),ln,density,12.5,11.62,0.88,0.88
,Kokoro no Shitsuryou (Edit),ln,speed,12.5,11.98,0.52,0.52
,Unmei no Haguruma (Edit),ln,tech,12.5,10.08,2.42,2.42
,ReviveR,ln,hybrid,13.5,13.06,0.44,0.44
,Unleashed World 1.075x,ln,density,13.5,11.77,1.73,1.73
,Kairikou 1.125x,ln,speed,13.5,12.73,0.77,0.77
,Identity Part 5 1.05x,ln,tech,13.5,12.54,0.96,0.96
,Exitium 1.025x,ln,hybrid,14.5,13.14,1.36,1.36
,Ultrasonic Anthem [Ultimate+] 1.1x,ln,density,14.5,13.33,1.17,1.17
,Decoy 1.025x,ln,speed,14.5,13.73,0.77,0.77
,Flamewall (Cut) [Edit] 1.15x,ln,tech,14.5,13.39,1.11,1.11
,Snow Drive (Cut) 1.225x,ln,hybrid,15.5,14.41,1.09,1.09
,Kaku mo Yuubi na Hi to Narite (Cut) 1.1x,ln,density,15.5,14.00,1.50,1.50
,Tojita Sekai (xfpsbF Cut),ln,speed,15.5,14.26,1.24,1.24
,Shuu no Hazama (xfpsbF Cut) 1.15x,ln,tech,15.5,13.85,1.65,1.65
4608742,Various Artists - 4K LN Dan Courses v2 ~ Stage 1 Map Pack ~ [Doki Doki Literature Club! ~ 2nd ~ (Marathon)],ln,hybrid,2,2.65,-0.65,0.65
4608744,Various Artists - 4K LN Dan Courses v2 ~ Stage 1 Map Pack ~ [Hitorigoto ~ 1st ~ (Marathon)],ln,hybrid,1,2.65,-1.65,1.65
4608739,Various Artists - 4K LN Dan Courses v2 ~ Stage 1 Map Pack ~ [aura ~ 3rd ~ (Marathon)],ln,hybrid,3,2.26,0.74,0.74
4608750,Various Artists - 4K LN Dan Courses v2 ~ Stage 1 Map Pack ~ [Otenba Koimusume ~ 4th ~ (Marathon)],ln,hybrid,4,2.96,1.04,1.04
4608751,Various Artists - 4K LN Dan Courses v2 ~ Stage 1 Map Pack ~ [Pink Gold ~ 5th ~ (Marathon)],ln,hybrid,5,2.58,2.42,2.42
4608745,Various Artists - 4K LN Dan Courses v2 ~ Stage 1 Map Pack ~ [Koborezu no Negaigoto ~ 6th ~ (Marathon)],ln,hybrid,6,2.57,3.43,3.43
4608749,Various Artists - 4K LN Dan Courses v2 ~ Stage 1 Map Pack ~ [Missing Banquet ~ 8th ~ (Marathon)],ln,hybrid,8,6.96,1.04,1.04
4608752,Various Artists - 4K LN Dan Courses v2 ~ Stage 1 Map Pack ~ [Rock It ~ 7th ~ (Marathon)],ln,hybrid,7,4.32,2.68,2.68
4608741,Various Artists - 4K LN Dan Courses v2 ~ Stage 1 Map Pack ~ [Dodger's Gadget ~ 9th ~ (Marathon)],ln,hybrid,9,8.98,0.02,0.02
4614499,Various Artists - 4K LN Dan Courses v2 ~ Stage 1 Map Pack ~ [towa no maigo 1.1x ~ 10th ~ (Marathon)],ln,hybrid,10,9.66,0.34,0.34
4608747,Various Artists - 4K LN Dan Courses v2 ~ Stage 1 Map Pack ~ [Kyouki Ranmai ~ Yoru ~ (Marathon)],ln,hybrid,13,12.56,0.44,0.44
4608743,Various Artists - 4K LN Dan Courses v2 ~ Stage 1 Map Pack ~ [Enigma 1.1x ~ Yoake ~ (Marathon)],ln,hybrid,11,11.01,-0.01,0.01
4608740,Various Artists - 4K LN Dan Courses v2 ~ Stage 1 Map Pack ~ [Carnation [ck remix] 1.05x ~ Yuugure ~ (Marathon)],ln,hybrid,12,11.74,0.26,0.26
4608753,Various Artists - 4K LN Dan Courses v2 ~ Stage 1 Map Pack ~ [Protoflicker 1.25x ~ Yokaze ~ (Marathon)],ln,hybrid,16,13.74,2.26,2.26
4608748,Various Artists - 4K LN Dan Courses v2 ~ Stage 1 Map Pack ~ [Mare Nectaris ~ Yami ~ (Marathon)],ln,hybrid,14,12.98,1.02,1.02
4608746,Various Artists - 4K LN Dan Courses v2 ~ Stage 1 Map Pack ~ [Kodoku no Kakurenbo 1.15x ~ Yume ~ (Marathon)],ln,hybrid,15,13.73,1.27,1.27
4608999,Various Artists - 4K LN Dan Courses v2 ~ Stage 2 Map Pack ~ [Dango Daikazoku ~ 1st ~ (Marathon)],ln,release,1,2.65,-1.65,1.65
4614497,Various Artists - 4K LN Dan Courses v2 ~ Stage 2 Map Pack ~ [SPF 420 ~ 2nd ~ (Marathon)],ln,release,2,2.65,-0.65,0.65
4609008,Various Artists - 4K LN Dan Courses v2 ~ Stage 2 Map Pack ~ [Power To Progress ~ 6th ~ (Marathon)],ln,release,6,2.96,3.04,3.04
4609001,Various Artists - 4K LN Dan Courses v2 ~ Stage 2 Map Pack ~ [Gee ~ 4th ~ (Marathon)],ln,release,4,2.26,1.74,1.74
4609011,Various Artists - 4K LN Dan Courses v2 ~ Stage 2 Map Pack ~ [silver temple ~ 3rd ~ (Marathon)],ln,release,3,2.57,0.43,0.43
4609004,Various Artists - 4K LN Dan Courses v2 ~ Stage 2 Map Pack ~ [MilK ~ 5th ~ (Marathon)],ln,release,5,4.26,0.74,0.74
4609010,Various Artists - 4K LN Dan Courses v2 ~ Stage 2 Map Pack ~ [Shotgun Senorita [Zardonic Remix] ~ 8th ~ (Marathon)],ln,release,8,4.53,3.47,3.47
4609007,Various Artists - 4K LN Dan Courses v2 ~ Stage 2 Map Pack ~ [On the FM ~ 7th ~ (Marathon)],ln,release,7,4.91,2.09,2.09
4609009,Various Artists - 4K LN Dan Courses v2 ~ Stage 2 Map Pack ~ [Raijin no Hidariude ~ 9th ~ (Marathon)],ln,release,9,6.24,2.76,2.76
4609000,Various Artists - 4K LN Dan Courses v2 ~ Stage 2 Map Pack ~ [Dopamine ~ 10th ~ (Marathon)],ln,release,10,9.16,0.84,0.84
4609006,Various Artists - 4K LN Dan Courses v2 ~ Stage 2 Map Pack ~ [No. 6 ~ Yuugure ~ (Marathon)],ln,tech,12,10.66,1.34,1.34
4608998,Various Artists - 4K LN Dan Courses v2 ~ Stage 2 Map Pack ~ [Avalon no oka ~ Yoake ~ (Marathon)],ln,inverse,11,8.83,2.17,2.17
4609003,Various Artists - 4K LN Dan Courses v2 ~ Stage 2 Map Pack ~ [Intersect Thunderbolt -Remix ~ Yoru ~ (Marathon)],ln,tech,13,12.09,0.91,0.91
4609002,Various Artists - 4K LN Dan Courses v2 ~ Stage 2 Map Pack ~ [Inaiinai isonshou 1.25x ~ Yume ~ (Marathon)],ln,tech,15,13.49,1.51,1.51
4609005,Various Artists - 4K LN Dan Courses v2 ~ Stage 2 Map Pack ~ [Nhelv 1.05x ~ Yami ~ (Marathon)],ln,tech,14,13.22,0.78,0.78
4609012,Various Artists - 4K LN Dan Courses v2 ~ Stage 2 Map Pack ~ [Cinderella Cage -Trancecore Mix- 1.6x ~ Yokaze ~ (Marathon)],ln,tech,16,13.99,2.01,2.01
4609086,Various Artists - 4K LN Dan Courses v2 ~ Stage 3 Map Pack ~ [Nerevar Rising ~ 1st ~ (Marathon)],ln,inverse,1,2.65,-1.65,1.65
4609080,Various Artists - 4K LN Dan Courses v2 ~ Stage 3 Map Pack ~ [Heartbeats ~ 2nd ~ (Marathon)],ln,inverse,2,2.96,-0.96,0.96
4609079,Various Artists - 4K LN Dan Courses v2 ~ Stage 3 Map Pack ~ [future gazer ~ 4th ~ (Marathon)],ln,inverse,4,2.96,1.04,1.04
4609081,Various Artists - 4K LN Dan Courses v2 ~ Stage 3 Map Pack ~ [i use raw expectation to unlock placebo. ~ 3rd ~ (Marathon)],ln,inverse,3,2.96,0.04,0.04
4609076,Various Artists - 4K LN Dan Courses v2 ~ Stage 3 Map Pack ~ [ 3 ~ 7th ~ (Marathon)],ln,inverse,7,2.96,4.04,4.04
4609085,Various Artists - 4K LN Dan Courses v2 ~ Stage 3 Map Pack ~ [Mousou Express [Remix] ~ 6th ~ (Marathon)],ln,inverse,6,4.63,1.37,1.37
4609087,Various Artists - 4K LN Dan Courses v2 ~ Stage 3 Map Pack ~ [Promise ~ 5th ~ (Marathon)],ln,inverse,5,2.54,2.46,2.46
4609088,Various Artists - 4K LN Dan Courses v2 ~ Stage 3 Map Pack ~ [Sakase natsuzora koi no hana. ~ 8th ~ (Marathon)],ln,inverse,8,5.26,2.74,2.74
4609077,Various Artists - 4K LN Dan Courses v2 ~ Stage 3 Map Pack ~ [cold planet ~ 9th ~ (Marathon)],ln,inverse,9,6.26,2.74,2.74
4609084,Various Artists - 4K LN Dan Courses v2 ~ Stage 3 Map Pack ~ [Love is War ~ Yoake ~ (Marathon)],ln,density,11,11.09,-0.09,0.09
4609089,Various Artists - 4K LN Dan Courses v2 ~ Stage 3 Map Pack ~ [Sakura Trip 1.15x ~ 10th ~ (Marathon)],ln,inverse,10,7.02,2.98,2.98
4609078,Various Artists - 4K LN Dan Courses v2 ~ Stage 3 Map Pack ~ [ENDYMION ~ Yuugure ~ (Marathon)],ln,density,12,11.56,0.44,0.44
4609083,Various Artists - 4K LN Dan Courses v2 ~ Stage 3 Map Pack ~ [Literal Crystal In The Cyphisonia 1.15x ~ Yoru ~],ln,density,13,12.32,0.68,0.68
4609082,Various Artists - 4K LN Dan Courses v2 ~ Stage 3 Map Pack ~ [Indomitable Spirit [Hommarju Remix] 1.5x ~ Yami ~ (Marathon)],ln,density,14,11.85,2.15,2.15
4614495,Various Artists - 4K LN Dan Courses v2 ~ Stage 3 Map Pack ~ [Lancelot -Flame of the Rebellion- 1.35x ~ Yokaze ~ (Marathon)],ln,density,16,13.78,2.22,2.22
4609090,Various Artists - 4K LN Dan Courses v2 ~ Stage 3 Map Pack ~ [White Hair Little Swords Girl 1.025x ~ Yume ~ (Marathon)],ln,density,15,13.42,1.58,1.58
4609231,Various Artists - 4K LN Dan Courses v2 ~ Stage 4 Map Pack ~ [Trickl4sh 220 ~ 1st ~ (Marathon)],ln,density,1,2.65,-1.65,1.65
4609229,Various Artists - 4K LN Dan Courses v2 ~ Stage 4 Map Pack ~ [Rockhill ~ 2nd ~ (Marathon)],ln,density,2,2.26,-0.26,0.26
4609227,Various Artists - 4K LN Dan Courses v2 ~ Stage 4 Map Pack ~ [OVERDRIVERS ~ 3rd ~ (Marathon)],ln,density,3,2.83,0.17,0.17
4609221,Various Artists - 4K LN Dan Courses v2 ~ Stage 4 Map Pack ~ [Blacksphere ~ 5th ~ (Marathon)],ln,density,5,2.88,2.12,2.12
4609217,Various Artists - 4K LN Dan Courses v2 ~ Stage 4 Map Pack ~ [#FairyJoke #SDVX_Edit ~ 4th ~ (Marathon)],ln,density,4,4.04,-0.04,0.04
4609220,Various Artists - 4K LN Dan Courses v2 ~ Stage 4 Map Pack ~ [Berry Go!! ~ 6th ~ (Marathon)],ln,density,6,5.69,0.31,0.31
4609228,Various Artists - 4K LN Dan Courses v2 ~ Stage 4 Map Pack ~ [Owari to Hajimari no Oto ~ 8th ~ (Marathon)],ln,density,8,8.10,-0.10,0.10
4614493,Various Artists - 4K LN Dan Courses v2 ~ Stage 4 Map Pack ~ [Tsumibito ~ 7th ~ (Marathon)],ln,density,7,7.25,-0.25,0.25
4609226,Various Artists - 4K LN Dan Courses v2 ~ Stage 4 Map Pack ~ [Ordinary world ~ 9th ~ (Marathon)],ln,density,9,9.66,-0.66,0.66
4609222,Various Artists - 4K LN Dan Courses v2 ~ Stage 4 Map Pack ~ [Element of SPADA 1.1x ~ 10th ~ (Marathon)],ln,speed,12,9.57,2.43,2.43
4609219,Various Artists - 4K LN Dan Courses v2 ~ Stage 4 Map Pack ~ [asphyxia 1.05x ~ Yoake ~ (Marathon)],ln,speed,11,9.46,1.54,1.54
4609230,Various Artists - 4K LN Dan Courses v2 ~ Stage 4 Map Pack ~ [The lost ~ Yami ~ (Marathon)],ln,speed,14,13.26,0.74,0.74
4609225,Various Artists - 4K LN Dan Courses v2 ~ Stage 4 Map Pack ~ [NUCLEAR-STAR ~ Yume ~ (Marathon)],ln,speed,15,13.26,1.74,1.74
4609224,Various Artists - 4K LN Dan Courses v2 ~ Stage 4 Map Pack ~ [NEURO-CLOUD-9 ~ Yoru ~ (Marathon)],ln,speed,13,12.44,0.56,0.56
4609232,Various Artists - 4K LN Dan Courses v2 ~ Stage 4 Map Pack ~ [R U Still xxxx 1.15x ~ Yokaze ~ (Marathon)],ln,speed,16,14.48,1.52,1.52
4351661,Laur - Kokushi musou [World's Final End (17th edit)],ln,Unsigned,17,14.76,2.24,2.24
4517847,Ludicin - Onus Rēgulus [In Abyss],ln,Unsigned,17,15.16,1.84,1.84
5029140,Various Artist - 4K LN Dan Courses - EXTRA - [17th Dan - Yeehee (Marathon)],ln,Unsigned,17,14.82,2.18,2.18
5366651,Ludicin - Blossom of Ashes [Divination of Calamity],ln,density,14.5,13.52,0.98,0.98
5366777,takehirotei - 定时地狱 ~The Perpetual Chaotically Unsynced Pendulum~ [Convergence],ln,Unsigned,14,12.92,1.08,1.08
4824023,Laur - 国士無双 [LN bukbuk],ln,Unsigned,14.8,14.41,0.39,0.39
4732296,ウォルピスカーター - Oxalis [Imitation],ln,Unsigned,13.6,13.32,0.28,0.28
4652576,Xyris - Eviternity [LN Eviternity],ln,Unsigned,14.4,13.77,0.63,0.63
3793375,ああ…翡翠茶漬け… - stεganography [Cipher Encryption],ln,Unsigned,13.8,13.86,-0.06,0.06
4398536,Various Artists - Begin's 4K LN Pack Level 3 [Nanahoshi Kangengakudan - Andromeda],ln,density,15.2,13.51,1.69,1.69
4398537,Various Artists - Begin's 4K LN Pack Level 3 [ROKINA - Icicle Stinger],ln,density,15.4,13.74,1.66,1.66
2808346,Dark Sambaland[Easy](mizuki) x1.05,jack,anchor chordjack,14.6,14.52,0.08,0.08
3580764,Dark Sambaland[Easy](mizuki) x1.2,jack,anchor chordjack,16.4,15.93,0.47,0.47
3245370,Martial Arts(xingren),jack,anchor chordjack,10.5,10.52,-0.02,0.02
3245369,Martial Arts(xingren) x1.05,jack,anchor chordjack,11,11.46,-0.46,0.46
3245376,Martial Arts(xingren) x1.3,jack,anchor chordjack,14.6,14.54,0.06,0.06
3245375,Martial Arts(xingren) x1.35,jack,anchor chordjack,15,15.02,-0.02,0.02
3245377,Martial Arts(xingren) x1.4,jack,anchor chordjack,15.4,15.50,-0.10,0.10
3887441,Echo(ice v) x1.1,jack,anchor chordjack,14.5,14.53,-0.03,0.03
4485050,Deep Down(shibeplanet) x0.95,jack,anchor chordjack,12.4,12.58,-0.18,0.18
4496828,Deep Down(shibeplanet),jack,anchor chordjack,13.4,13.53,-0.13,0.13
4485051,Deep Down(shibeplanet) x1.05,jack,anchor chordjack,13.8,13.85,-0.05,0.05
3918921,Deep Down(shibeplanet) x1.1,jack,anchor chordjack,14.4,14.49,-0.09,0.09
4485052,Deep Down(shibeplanet) x1.15,jack,anchor chordjack,15,14.83,0.17,0.17
3918922,Deep Down(shibeplanet) x1.2,jack,anchor chordjack,15.4,15.53,-0.13,0.13
4485053,Deep Down(shibeplanet) x1.25,jack,anchor chordjack,16,15.86,0.14,0.14
1347529,Precious You(frolica) x1.1,jack,anchor chordjack,11,11.43,-0.43,0.43
1347530,Precious You(frolica) x1.2,jack,anchor chordjack,12.8,12.95,-0.15,0.15
1347531,Precious You(frolica) x1.3,jack,anchor chordjack,14,13.85,0.15,0.15
3875257,Zillion Lights(rachel),jack,anchor chordjack,13.8,13.69,0.11,0.11
3875255,Zillion Lights(rachel) x1.1,jack,anchor chordjack,14.5,14.72,-0.22,0.22
3875256,Zillion Lights(rachel) x1.2,jack,anchor chordjack,15.5,15.89,-0.39,0.39
1612787,Far in the blue sky[42](1nar) x0.9,jack,anchor chordjack,13,12.98,0.02,0.02
2793588,Far in the blue sky[42](1nar) x0.95,jack,anchor chordjack,13.8,13.76,0.04,0.04
2793593,Far in the blue sky[42](1nar),jack,anchor chordjack,14.4,14.25,0.15,0.15
2793589,Far in the blue sky[42](2nar) x1.05,jack,anchor chordjack,14.7,14.84,-0.14,0.14
2793590,Far in the blue sky[42](2nar) x1.1,jack,anchor chordjack,15.4,15.28,0.12,0.12
2793591,Far in the blue sky[42](2nar) x1.15,jack,anchor chordjack,15.7,15.89,-0.19,0.19
2793592,Far in the blue sky[42](2nar) x1.2,jack,anchor chordjack,16,16.30,-0.30,0.30
2295003,Daichi ni Saku Senritsu(rachel) x1.1,jack,anchor chordjack,12,12.66,-0.66,0.66
2295004,Daichi ni Saku Senritsu(rachel) x1.2,jack,anchor chordjack,13.6,13.74,-0.14,0.14
2295005,Daichi ni Saku Senritsu(rachel) x1.3,jack,anchor chordjack,14.4,14.67,-0.27,0.27
2295006,Daichi ni Saku Senritsu(rachel) x1.4,jack,anchor chordjack,15.4,15.56,-0.16,0.16
3442422,PAM!!!(mongol) x1.1,jack,dense chordjack,13.4,13.64,-0.24,0.24
3442423,PAM!!!(mongol) x1.2,jack,dense chordjack,14.6,14.60,0.00,0.00
3442424,PAM!!!(mongol) x1.3,jack,dense chordjack,15,15.57,-0.57,0.57
3442426,PAM!!!(mongol),jack,dense chordjack,12,12.17,-0.17,0.17
3442425,PAM!!!(mongol) x1.4,jack,dense chordjack,16.2,16.27,-0.07,0.07
4405082,Onyx Veil(ltd),jack,dense chordjack,14.5,14.11,0.39,0.39
4405077,Onyx Veil(ltd) x1.1,jack,dense chordjack,15.4,15.32,0.08,0.08
3749286,KING(ade maine) x0.95,jack,dense chordjack,14.6,14.92,-0.32,0.32
3749289,KING(ade maine),jack,dense chordjack,15.4,15.69,-0.29,0.29
3749288,KING(ade maine) x1.05,jack,dense chordjack,16,16.15,-0.15,0.15
3110936,Sendan Life(opakyl) x1.2,jack,dense chordjack,15,14.96,0.04,0.04
1889333,CG901B[impossible](rachel) x0.9,jack,dense chordjack,11,10.82,0.18,0.18
1889340,CG902B[impossible](rachel),jack,dense chordjack,13.2,12.90,0.30,0.30
1889336,CG903B[impossible](rachel) x1.1,jack,dense chordjack,14,13.99,0.01,0.01
1889338,CG904B[impossible](rachel) x1.2,jack,dense chordjack,15,15.11,-0.11,0.11
2808366,Tsuki Ai Tsuki Yo(zino) x1.1,jack,dense chordjack,14.6,14.93,-0.33,0.33
3321433,Exile(rachel),jack,dense chordjack,14.6,14.90,-0.30,0.30
3321436,Mutwa(rachel),jack,dense chordjack,16,16.14,-0.14,0.14
3249972,Why We Lose(ena) x1.3,jack,dense chordjack,12,11.98,0.02,0.02
3249973,Why We Lose(ena) x1.4,jack,dense chordjack,13.4,12.98,0.42,0.42
2690149,Lemon Tree(lemmie),jack,dense chordjack,14,13.39,0.61,0.61
3663002,STRONG 280(isxi) x1.25,jack,dense chordjack,16.4,16.26,0.14,0.14
2827581,ch3rry(my angel koishi) x1.4,stamina,dense handstream,14,14.36,-0.36,0.36
2486099,Sorairo Days(icyworld) x1.5,stamina,dense handstream,14,14.03,-0.03,0.03
5195214,ANOMALY(lynessa) x1.31,stamina,dense handstream,14,13.81,0.19,0.19
3123873,FUTURE DOMINATORS(icyworld),stamina,dense handstream,9,9.60,-0.60,0.60
3123869,FUTURE DOMINATORS(icyworld) x1.1,stamina,dense handstream,11,11.48,-0.48,0.48
3123870,FUTURE DOMINATORS(icyworld) x1.2,stamina,dense handstream,13.2,13.06,0.14,0.14
3123871,FUTURE DOMINATORS(icyworld) x1.3,stamina,dense handstream,14,14.09,-0.09,0.09
3123872,FUTURE DOMINATORS(icyworld) x1.4,stamina,dense handstream,14.6,14.81,-0.21,0.21
5430558,Cartoon Candy(lynessa) x1.05,stamina,dense handstream,14,13.95,0.05,0.05
4681531,Cartoon Candy(lynessa) x1.2,stamina,dense handstream,15.2,15.43,-0.23,0.23
3593323,Blackmagik Blazing(teradora),stamina,dense handstream,14,14.01,-0.01,0.01
3928951,Ragnarok(lynessa) x1.07,stamina,dense handstream,13.4,13.10,0.30,0.30
4421699,H.A.R.D.C.O.R.E(dannypx),stamina,dense handstream,12.8,11.62,1.18,1.18
1644635,Zenon(halogen) x1.5,stamina,dense handstream,14,14.11,-0.11,0.11
3681222,CRIMSON FIGHTER[Armageddon](oxalicacid) x0.9,stamina,dense handstream,11.8,11.56,0.24,0.24
2168030,SILENT DESERT(teradora),stamina,dense handstream,14.4,13.93,0.47,0.47
3755311,SILENT DESERT(e9v2) x1.2,stamina,dense handstream,16.4,16.46,-0.06,0.06
3588134,Nibelungen(lynessa) x1.1,stamina,dense handstream,13,12.83,0.17,0.17
3535954,Heavens Fall(teradora),stamina,dense handstream,9,9.49,-0.49,0.49
3535945,Heavens Fall(teradora) x1.05,stamina,dense handstream,9.5,9.59,-0.09,0.09
3535947,Heavens Fall(teradora) x1.1,stamina,dense handstream,10.5,10.76,-0.26,0.26
3535946,Heavens Fall(teradora) x1.15,stamina,dense handstream,11.4,11.46,-0.06,0.06
3535949,Heavens Fall(teradora) x1.2,stamina,dense handstream,12.5,12.45,0.05,0.05
3535948,Heavens Fall(teradora) x1.25,stamina,dense handstream,13,13.02,-0.02,0.02
3535950,Heavens Fall(teradora) x1.35,stamina,dense handstream,14,13.99,0.01,0.01
3535952,Heavens Fall(teradora) x1.45,stamina,dense handstream,14.7,14.65,0.05,0.05
4133253,Love is War(night bunny) x1.15,stamina,dense handstream,12.4,12.37,0.03,0.03
5407219,Love is War(night bunny) x1.33,stamina,dense handstream,14,14.15,-0.15,0.15
4632845,Dimension War(oceanus),stamina,dense handstream,15.4,14.95,0.45,0.45
4758417,KOKUSHIMUSOU(oceanus) x0.95,stamina,dense handstream,15.4,15.74,-0.34,0.34
4758412,KOKUSHIMUSOU(oceanus),stamina,dense handstream,16,16.27,-0.27,0.27
1753421,Quadraphinix(xay) x1.3,stamina,dense handstream,12.4,12.09,0.31,0.31
1753422,Quadraphinix(xay) x1.4,stamina,dense handstream,13.5,13.35,0.15,0.15
5120065,MEGALOMANIA(omni),stamina,dense handstream,14,13.79,0.21,0.21
2110279,MEGALOMANIA(rachel),stamina,dense handstream,14,13.86,0.14,0.14
3850572,Perfect Cherry Storm(teradora) x1.45,stamina,dense handstream,14.6,14.91,-0.31,0.31
4786209,Inner Universe(teradora) x1.885,stamina,dense handstream,16.6,16.31,0.29,0.29
5370949,Inner Universe(teradora) x1.755,stamina,dense handstream,15.4,15.40,0.00,0.00
1304131,Chaoz Airflow(icyworld) x1.2,stamina,dense handstream,10.4,9.60,0.80,0.80
4476886,Bluenation(xingyue) x1.2,stamina,dense handstream,11,10.75,0.25,0.25
4476891,Bluenation(xingyue) x1.4,stamina,dense handstream,13.6,13.36,0.24,0.24
4476908,Bluenation(xingyue) x1.45,stamina,dense handstream,14,13.91,0.09,0.09
3850571,STRONG 280(sp7v2),stamina,dense handstream,14.6,14.70,-0.10,0.10
2292214,Serment(xingyue) x1.3,stamina,dense handstream,13.7,13.74,-0.04,0.04
473228,FREEDOM DIVE(DIMENSIONS),stamina,dense jumpstream,10,10.85,-0.85,0.85
3157010,Fragment(my angel koish) x1.4,stamina,dense jumpstream,13,13.07,-0.07,0.07
1453293,Burst Linker(wafles) x1.3,stamina,dense jumpstream,12.6,12.70,-0.10,0.10
5195395,Burst Linker(wafles) x1.47,stamina,dense jumpstream,14,14.05,-0.05,0.05
1938168,Cyber Inductance(icyworld) x1.3,stamina,dense jumpstream,12,12.26,-0.26,0.26
4589562,Cyber Inductance(icyworld) x1.47,stamina,dense jumpstream,14,13.96,0.04,0.04
2196122,Cyber Inductance(icyworld) x1.7,stamina,dense jumpstream,15.4,15.53,-0.13,0.13
4310620,Cyber Inductance(icyworld) x1.525,stamina,dense jumpstream,14.4,14.22,0.18,0.18
1699290,Pacific Girls(icyworld) x1.5,stamina,dense jumpstream,15,14.91,0.09,0.09
3854148,Over the Fullereneshift(fullerene) x1.4,stamina,dense jumpstream,13.8,13.92,-0.12,0.12
1425975,Japanese Transformation(fullerene) x1.2,stamina,dense jumpstream,14.5,14.80,-0.30,0.30
787944,The Empress(underjoy) x1.05,stamina,dense jumpstream,14,13.99,0.01,0.01
2701198,Time to Say Goodbye(halogen) x1.15,stamina,dense jumpstream,14,13.88,0.12,0.12
2701200,Time to Say Goodbye(halogen) x1.2,stamina,dense jumpstream,14.4,14.28,0.12,0.12
2633097,Sakazuki(Rachel),jack,high chordjack,12.8,12.85,-0.05,0.05
4597208,Sakazuki(Rachel) x1.05,jack,high chordjack,13.4,13.55,-0.15,0.15
3630235,Sakazuki(Rachel) x1.1,jack,high chordjack,14,14.14,-0.14,0.14
3630234,Sakazuki(Rachel) x0.9,jack,high chordjack,11.8,11.04,0.76,0.76
3630236,Sakazuki(Rachel) x1.2,jack,high chordjack,14.8,15.04,-0.24,0.24
3630237,Sakazuki(Rachel) x1.3,jack,high chordjack,16,16.11,-0.11,0.11
3663000,Sakazuki(Rachel) x1.35,jack,high chordjack,16.5,16.41,0.09,0.09
3521930,Hiasobi(focogamer) x1.1,jack,high chordjack,12.8,13.08,-0.28,0.28
3521932,Hiasobi(focogamer) x1.2,jack,high chordjack,14,14.05,-0.05,0.05
3928116,Joker(Rachel),jack,high chordjack,15.4,15.36,0.04,0.04
3887322,Dark Sambaland x1.2,jack,high chordjack,13.8,13.90,-0.10,0.10
1705687,Flower Dance(hievery) x1.3,jack,high chordjack,10.6,10.19,0.41,0.41
1705688,Flower Dance(hievery) x1.4,jack,high chordjack,12,12.17,-0.17,0.17
2121684,Hitogata(ice v),jack,high chordjack,13.6,13.79,-0.19,0.19
2727203,Hitogata(ice v) x1.05,jack,high chordjack,14.4,14.45,-0.05,0.05
4387971,Hitogata(ice v) x1.15,jack,high chordjack,15,15.49,-0.49,0.49
3479384,I Love It(lynessa),jack,high chordjack,10.5,11.54,-1.04,1.04
3479388,I Love It(lynessa) x1.2,jack,high chordjack,14,14.43,-0.43,0.43
2808358,I Love It(lynessa) x1.3,jack,high chordjack,15,15.13,-0.13,0.13
4584948,Dat Phonk(smokydoh),jack,high chordjack,13.6,13.76,-0.16,0.16
4584946,Dat Phonk(smokydoh) x0.9,jack,high chordjack,12.4,12.50,-0.10,0.10
4072972,Dat Phonk(smokydoh) x1.1,jack,high chordjack,14.8,14.81,-0.01,0.01
4072973,Dat Phonk(smokydoh) x1.15,jack,high chordjack,15.1,15.59,-0.49,0.49
3841896,MURDER IN MY MIND x1.2,jack,high chordjack,13,12.87,0.13,0.13
2802345,Hari no Sora(xingyue) x1.2,jack,high chordjack,13.6,13.70,-0.10,0.10
5430570,Hari no Sora(xingyue) x1.27,jack,high chordjack,14,14.10,-0.10,0.10
3545958,Unmeiron(ena),jack,high chordjack,14.9,14.87,0.03,0.03
3545959,Unmeiron(ena) x0.95,jack,high chordjack,14.6,14.29,0.31,0.31
2818882,Hustler(xingyue),jack,high chordjack,12.8,12.92,-0.12,0.12
3986998,Hustler(xingyue) x1.05,jack,high chordjack,13.4,13.65,-0.25,0.25
3987000,Hustler(xingyue) x1.15,jack,high chordjack,14.6,14.58,0.02,0.02
3986995,Hustler(xingyue) x1.2,jack,high chordjack,15,14.94,0.06,0.06
3986999,Hustler(xingyue) x1.25,jack,high chordjack,15.4,15.32,0.08,0.08
3986997,Hustler(xingyue) x1.3,jack,high chordjack,16,15.90,0.10,0.10
3509184,Seen(ena),jack,high chordjack,13.4,13.60,-0.20,0.20
3509180,Seen(ena) x1.05,jack,high chordjack,14,14.00,0.00,0.00
3509181,Seen(ena) x1.15,jack,high chordjack,15,14.95,0.05,0.05
3509183,Seen(ena) x1.2,jack,high chordjack,15.6,15.72,-0.12,0.12
3662982,Seen(ena) x1.25,jack,high chordjack,16,15.97,0.03,0.03
3576374,Can't Give it Up(jhown),jack,high chordjack,13,13.05,-0.05,0.05
3576378,Can't Give it Up(jhown) x1.2,jack,high chordjack,15,15.06,-0.06,0.06
2357903,Triumphal Return(doudou0310) x1.2,jack,high chordjack,13.7,14.18,-0.48,0.48
2357902,Triumphal Return(doudou0310) x1.25,jack,high chordjack,14.4,14.56,-0.16,0.16
2357904,Triumphal Return(doudou0310) x1.3,jack,high chordjack,14.8,14.86,-0.06,0.06
3526591,Triumphal Return(doudou0310) x1.4,jack,high chordjack,15.6,15.80,-0.20,0.20
3182551,Dusk(mintapril),jack,high chordjack,8,9.85,-1.85,1.85
3182552,Dusk(mintapril) x1.1,jack,high chordjack,11,11.30,-0.30,0.30
3182553,Dusk(mintapril) x1.2,jack,high chordjack,12.6,12.87,-0.27,0.27
3182554,Dusk(mintapril) x1.3,jack,high chordjack,13.6,13.73,-0.13,0.13
4633597,Darling Dance(rachel),jack,high chordjack,14,14.11,-0.11,0.11
4633595,Darling Dance(rachel) x1.1,jack,high chordjack,15,15.09,-0.09,0.09
4633594,Darling Dance(rachel) x1.15,jack,high chordjack,15.4,15.61,-0.21,0.21
4633596,Darling Dance(rachel) x1.2,jack,high chordjack,16.4,16.13,0.27,0.27
4622294,KEEP IT UP(ltd) x1.4,jack,high chordjack,16.6,16.85,-0.25,0.25
2808334,Deconstruction Star(xuecai),jack,high chordjack,13.6,14.05,-0.45,0.45
3412538,Deconstruction Star(xuecai) x1.15,jack,high chordjack,15.6,15.66,-0.06,0.06
4637635,YoiYoi Kokon(lynessa) x1.05,jack,high chordjack,13.6,13.23,0.37,0.37
4408173,GOODTEK(signicial),jack,high chordjack,15.2,14.89,0.31,0.31
2716033,The Light(blue potion),jack,high chordjack,13.6,14.01,-0.41,0.41
2963655,The Light(blue potion) x1.1,jack,high chordjack,15.8,15.04,0.76,0.76
4103082,Idol(laoxiao),jack,high chordjack,14,13.97,0.03,0.03
3687776,Flowering(ena),jack,high chordjack,14,13.36,0.64,0.64
3687774,Flowering(ena) x1.1,jack,high chordjack,14.5,14.55,-0.05,0.05
3687775,Flowering(ena) x1.2,jack,high chordjack,16,15.28,0.72,0.72
4383327,Observation(jhown) x0.8,jack,high chordjack,14,14.07,-0.07,0.07
4383328,Observation(jhown) x0.85,jack,high chordjack,14.6,14.82,-0.22,0.22
4383329,Observation(jhown) x0.9,jack,high chordjack,15.4,15.26,0.14,0.14
4383330,Observation(jhown) x0.95,jack,high chordjack,16,16.09,-0.09,0.09
4383325,Observation(jhown),jack,high chordjack,16.4,16.58,-0.18,0.18
4794368,Rengetsu Outa(jhown),jack,high chordjack,14,13.21,0.79,0.79
4794371,Rengetsu Outa(jhown) x1.05,jack,high chordjack,14.4,13.95,0.45,0.45
4010382,Please(hikarnayo),jack,high chordjack,14.4,14.55,-0.15,0.15
3321435,Lost One no Goukoku(rachel),jack,high chordjack,15,14.88,0.12,0.12
4387962,Break It(ice v),jack,high chordjack,15,14.84,0.16,0.16
1066057,Break(loved),jack,high chordjack,11,11.62,-0.62,0.62
3065264,Break(loved) x1.2,jack,high chordjack,14.4,14.26,0.14,0.14
3065265,Break(loved) x1.3,jack,high chordjack,15,15.09,-0.09,0.09
3095005,Break(loved) x1.4,jack,high chordjack,16,16.06,-0.06,0.06
3816043,Bookmaker(rachel),jack,high chordjack,14.3,14.21,0.09,0.09
2862626,Bookmaker(rachel) x1.05,jack,high chordjack,14.6,14.85,-0.25,0.25
2289290,Anhedonia[38](8230),jack,high chordjack,15.2,15.35,-0.15,0.15
3125227,Anhedonia[38](8230) x0.95,jack,high chordjack,14.7,14.85,-0.15,0.15
3125228,Anhedonia[38](8230) x1.05,jack,high chordjack,15.6,15.99,-0.39,0.39
2497871,Sky is the Limit(aeyeong),jack,high chordjack,13,13.07,-0.07,0.07
1990238,Sky is the Limit(aeyeong) x1.1,jack,high chordjack,14.5,14.24,0.26,0.26
4487955,OdoRobo(jinkill) x1.1,jack,high chordjack,14.1,13.97,0.13,0.13
3476974,Don't let you down(rg8v3),jack,high chordjack,7.9,8.72,-0.82,0.82
3476968,Kikai Shoujo Gensou(rg9v3),jack,high chordjack,8.5,9.98,-1.48,1.48
3824604,Hifumi Daisuki[Hard](Magikarp1234),jack,high chordjack,13.6,12.93,0.67,0.67
4010826,Re Aoharu(magikarp),jack,high chordjack,4.8,3.96,0.84,0.84
4388484,hurricanic(stupud man),speed,high stream,14,13.94,0.06,0.06
3171267,hurricanic(stupud man) x1.05,speed,high stream,14.4,14.39,0.01,0.01
4388482,hurricanic(stupud man) x1.1,speed,high stream,15,14.81,0.19,0.19
4388481,hurricanic(stupud man) x1.15,speed,high stream,15.4,15.15,0.25,0.25
4388483,hurricanic(stupud man) x1.2,speed,high stream,16,15.88,0.12,0.12
3358944,Volcanic(attang) x0.8,speed,high stream,11,9.59,1.41,1.41
3358945,Volcanic(attang) x0.9,speed,high stream,12.5,12.35,0.15,0.15
2808935,Volcanic(attang) x1.05,speed,high stream,14.4,14.23,0.17,0.17
3358946,Volcanic(attang) x1.1,speed,high stream,15,14.83,0.17,0.17
2965239,Volcanic(attang) x1.15,speed,high stream,15.4,15.16,0.24,0.24
3358947,Volcanic(attang) x1.2,speed,high stream,16,15.58,0.42,0.42
3321837,Yozakura(ska) x0.9,speed,high stream,13.6,13.02,0.58,0.58
3321838,Yozakura(ska) x0.95,speed,high stream,14,13.84,0.16,0.16
3321840,Yozakura(ska),speed,high stream,14.3,14.11,0.19,0.19
3321839,Yozakura(ska) x1.05,speed,high stream,14.6,14.54,0.06,0.06
1455991,Moon Gate x1.2,speed,high stream,14.6,14.64,-0.04,0.04
5255749,Moon Gate x1.25,speed,high stream,15,15.11,-0.11,0.11
5195385,Blue Noah 2006[Lv.28](attang) 0.95,speed,high stream,14,13.73,0.27,0.27
1496206,Blue Noah 2006[Lv.28](attang),speed,high stream,14.6,14.12,0.48,0.48
1644632,Blue Noah 2006[Lv.28](attang) x1.1,speed,high stream,15.4,15.14,0.26,0.26
1990237,Angel Dust(tachyon) x1.1,speed,high stream,14.4,14.17,0.23,0.23
3294543,Misery(signicial) x1.1,speed,high stream,14,14.16,-0.16,0.16
3294542,Misery(signicial) x1.15,speed,high stream,14.6,14.40,0.20,0.20
3294546,Misery(signicial) x1.2,speed,high stream,15,14.85,0.15,0.15
3294544,Misery(signicial) x1.25,speed,high stream,15.4,15.26,0.14,0.14
3294549,Misery(signicial) x1.3,speed,high stream,16,15.75,0.25,0.25
3294547,Misery(signicial) x1.35,speed,high stream,16.4,16.16,0.24,0.24
2875457,Angel's Salad(penguinosity),tech,jack tech,11,11.33,-0.33,0.33
2860220,Forgotten[Collab(2015)],tech,jack tech,11,10.88,0.12,0.12
2860210,Forgotten[Collab(2015)] x1.05,tech,jack tech,12,11.95,0.05,0.05
2860212,Forgotten[Collab(2015)] x1.1,tech,jack tech,12.4,12.64,-0.24,0.24
3755586,Odoru Mizushibuki x1.2,tech,jack tech,12.6,12.85,-0.25,0.25
3755587,Odoru Mizushibuki x1.3,tech,jack tech,13.6,13.81,-0.21,0.21
3755588,Odoru Mizushibuki x1.4,tech,jack tech,14.6,14.58,0.02,0.02
3168876,Odoru Mizushibuki x1.43,tech,jack tech,15,14.70,0.30,0.30
3824635,Usagi Flap[Tech](Magikarp1234),tech,jack tech,10.5,10.18,0.32,0.32
4606873,Still Into You(ska) x1.16,tech,jack tech,13.4,13.73,-0.33,0.33
3322182,BLUE ARMY[UNFORGIVING ASSAULT],stamina,light handstream,13.4,13.28,0.12,0.12
4610329,BLUE ARMY[UNFORGIVING ASSAULT] x1.06,stamina,light handstream,13.8,14.00,-0.20,0.20
3645838,The Empress(underjoy) x1.1,stamina,light handstream,14.6,14.40,0.20,0.20
3645837,The Empress(underjoy) x1.15,stamina,light handstream,15,15.01,-0.01,0.01
5194163,Firmament Castle Velier x1.3,stamina,light handstream,14,13.82,0.18,0.18
4589591,Speed of Link[Tachyon](shoegazer) 1.23,stamina,light jumpstream,14,14.04,-0.04,0.04
3348224,FAKE PROMISE(shoegazer) x1.4,stamina,light jumpstream,12.8,12.73,0.07,0.07
2972845,Gekka Bijin(hylotl),stamina,light jumpstream,14.4,14.32,0.08,0.08
2567896,The Fate of(blessia),stamina,light jumpstream,14,14.09,-0.09,0.09
1887431,Aquaris(snover) x1.2,jack,low chordjack,13,13.06,-0.06,0.06
1426702,Double Universe(hydria),jack,low chordjack,14,13.98,0.02,0.02
3476969,Koi Kou Enishi(rg3v3),jack,low chordjack,3.6,4.14,-0.54,0.54
3476970,Umiyuri Kaiteitan(rg4v3),jack,low chordjack,4.1,4.64,-0.54,0.54
3476971,Platinum Disco(rg5v3),jack,low chordjack,5,5.41,-0.41,0.41
3476972,Chocolate Disco(rg6v3),jack,low chordjack,5.8,5.45,0.35,0.35
3928690,Reflec Streamz(gamma) x1.15,speed,low stream,14.6,14.73,-0.13,0.13
3251778,Lalala.Refrain[HD](snowph),speed,low stream,13.8,13.79,0.01,0.01
3251776,Lalala.Refrain[HD](snowph) x1.1,speed,low stream,14.6,14.94,-0.34,0.34
3989159,Luminous Memory(super10killer),speed,low stream,14,14.13,-0.13,0.13
3989154,Luminous Memory(super11killer) x0.9,speed,low stream,13.4,12.95,0.45,0.45
5430556,Gloom(jesen) x1.25,jack,mid chordjack,13.9,13.70,0.20,0.20
1779696,Gloom(jesen) x1.3,jack,mid chordjack,14.4,14.06,0.34,0.34
3211370,The Truth Never Spoken(rachel) x1.05,jack,mid chordjack,13.4,13.23,0.17,0.17
3260898,The Truth Never Spoken(rachel) x1.1,jack,mid chordjack,13.8,13.88,-0.08,0.08
2308947,Vertex Beta(spz cut) x0.9,jack,mid chordjack,14.6,14.25,0.35,0.35
3321440,Valkyrie Revolutia(rachel),jack,mid chordjack,16.4,16.05,0.35,0.35
4704824,M-A[impossible jack](wllk2) x0.85,jack,mid chordjack,13.9,13.85,0.05,0.05
5561111,manual of youth(tsumikiyuzu) x1.3,jack,mid chordjack,14,14.09,-0.09,0.09
3476973,Don't Stop The Music(rg7v3),jack,mid chordjack,6.7,6.94,-0.24,0.24
4262736,oddloop(teradora),speed,mid stream,12.2,12.15,0.05,0.05
4670616,Toromi Hearts 2(rachel),speed,mid stream,14.6,14.85,-0.25,0.25
3163355,Palette(rachel) x1.2,speed,mid stream,14.6,14.76,-0.16,0.16
1631150,Green-Eyed Jealousy[True End](rachel),speed,mid stream,14.6,14.93,-0.33,0.33
3824601,GGF(magikarp),speed,mid stream,10.9,10.65,0.25,0.25
4432306,Hyper Bass(11bit) x1.35,tech,mix tech,15,15.20,-0.20,0.20
4237589,KOKUSHIMUSOU(nate) x1.15,tech,mix tech,14.6,14.92,-0.32,0.32
4432307,Looking for Edge of Ground(evening) x1.15,tech,mix tech,14.6,14.71,-0.11,0.11
2162156,We Could Get More Machinegun Psystyle!(hydria),tech,mix tech,13.5,13.41,0.09,0.09
3853701,We Could Get More Machinegun Psystyle!(hydria) x1.05,tech,mix tech,14,13.92,0.08,0.08
5195211,K.Y.A.F.A[UNSTOPPABLE DOMINATION](evening) x1.227,tech,mix tech,14,13.86,0.14,0.14
1699242,Trickstarz[STEPMANIA](hi19hi19) x1.3,speed,staircase,15,14.60,0.40,0.40
3755273,Green-Eyed Jealousy(e9v2),speed,staircase,17.6,17.02,0.58,0.58
1158910,Shadows of Cats(wafles) x1.0,tech,stream tech,12.2,10.83,1.37,1.37
5195273,Shadows of Cats(wafles) x1.25,tech,stream tech,14,14.05,-0.05,0.05
4776927,Weird Autumn(emik) x1.2,tech,stream tech,14,13.92,0.08,0.08
4776929,Weird Autumn(emik) x1.3,tech,stream tech,14.6,14.74,-0.14,0.14
3053763,oddloop(ska),tech,stream tech,11.6,11.41,0.19,0.19
3942033,oddloop(ska) x1.3,tech,stream tech,15,14.94,0.06,0.06
1712332,northern_limit(underjoy),tech,stream tech,15.6,15.53,0.07,0.07
3494225,Kimiyo[Agapimenoi](frolica),tech,stream tech,14.2,13.88,0.32,0.32
3494228,Kimiyo[Eirini](frolica),tech,stream tech,13.6,13.77,-0.17,0.17
2981901,Acquaintance(skwid),tech,stream tech,10,10.79,-0.79,0.79
2981895,Acquaintance(skwid) x1.05,tech,stream tech,11,11.66,-0.66,0.66
2981897,Acquaintance(skwid) x1.1,tech,stream tech,12,12.58,-0.58,0.58
2981896,Acquaintance(skwid) x1.15,tech,stream tech,13,13.11,-0.11,0.11
2981899,Acquaintance(skwid) x1.2,tech,stream tech,13.5,13.53,-0.03,0.03
2981898,Acquaintance(skwid) x1.25,tech,stream tech,14,13.89,0.11,0.11
2981900,Acquaintance(skwid) x1.3,tech,stream tech,14.3,14.13,0.17,0.17
3942038,Acquaintance(skwid) x1.35,tech,stream tech,14.6,14.55,0.05,0.05
4632118,Acquaintance(skwid) x1.4,tech,stream tech,15,14.91,0.09,0.09
3090567,Crescent Moon Island(shoegazer) x0.9,tech,stream tech,12.2,12.09,0.11,0.11
3090566,Crescent Moon Island(shoegazer) x0.95,tech,stream tech,13,12.84,0.16,0.16
3262554,Crescent Moon Island(shoegazer) x1.0,tech,stream tech,13.6,13.51,0.09,0.09
3090568,Crescent Moon Island(shoegazer) x1.05,tech,stream tech,14,13.99,0.01,0.01
3090570,Crescent Moon Island(shoegazer) x1.1,tech,stream tech,14.4,14.47,-0.07,0.07
3090569,Crescent Moon Island(shoegazer) x1.15,tech,stream tech,14.8,14.89,-0.09,0.09
3090571,Crescent Moon Island(shoegazer) x1.2,tech,stream tech,15.4,15.16,0.24,0.24
5255752,Future Candy(leo137) x1.5,tech,stream tech,15,15.03,-0.03,0.03
4168392,Luminous Story(Magikarp1234),tech,stream tech,12.7,12.45,0.25,0.25
3915895,Playing with Ruby(ska) x1.2,tech,stream tech,13.4,13.04,0.36,0.36
4788540,The Poetic Edda(kilotek),tech,stream tech,14.6,14.87,-0.27,0.27
4432318,Possessed By The Blood(ska) x1.25,tech,stream tech,15.2,15.11,0.09,0.09
3681342,Heikousen(lynessa) x1.15,tech,stream tech,14.6,14.44,0.16,0.16
3681345,Heikousen(lynessa) x1.2,tech,stream tech,15,14.77,0.23,0.23
3249835,Louder than steel(ska) x1.25,tech,stream tech,14.9,15.17,-0.27,0.27
4507383,Bismuth[Singularity](ababa),tech,stream tech,14.6,14.95,-0.35,0.35
5174997,Bismuth[Supernova](archaic),tech,stream tech,14.4,14.26,0.14,0.14
5167720,Bismuth[Nebula](eclipse),tech,stream tech,11.4,11.58,-0.18,0.18
3444323,Nostos2021(xingren),tech,stream tech,17,16.84,0.16,0.16
4130341,Re Aoharu(11bit),tech,stream tech,13.2,13.20,0.00,0.00
,Various Artists - Dan ~ REFORM ~ 1st Pack (Thaumiel) [~ 1st ~ (Marathon)],course,rc course,1,2.87,-1.87,1.87
,Various Artists - Dan ~ REFORM ~ 1st Pack (Thaumiel) [~ 2nd ~ (Marathon)],course,rc course,2,2.59,-0.59,0.59
,Various Artists - Dan ~ REFORM ~ 1st Pack (Thaumiel) [~ 3rd ~ (Marathon)],course,rc course,3,3.15,-0.15,0.15
,Various Artists - Dan ~ REFORM ~ 1st Pack (Thaumiel) [~ 4th ~ (Marathon)],course,rc course,4,5.18,-1.18,1.18
,Various Artists - Dan ~ REFORM ~ 1st Pack (Thaumiel) [~ 5th ~ (Marathon)],course,rc course,5,5.91,-0.91,0.91
,Various Artists - Dan ~ REFORM ~ 2nd Pack (Thaumiel) [~ 6th ~ (Marathon)],course,rc course,6,7.02,-1.02,1.02
,Various Artists - Dan ~ REFORM ~ 2nd Pack (Thaumiel) [~ 7th ~ (Marathon)],course,rc course,7,7.48,-0.48,0.48
,Various Artists - Dan ~ REFORM ~ 2nd Pack (Thaumiel) [~ 8th ~ (Marathon)],course,rc course,8,9.77,-1.77,1.77
,Various Artists - Dan ~ REFORM ~ 2nd Pack (Thaumiel) [~ 9th ~ (Marathon)],course,rc course,9,9.89,-0.89,0.89
,Various Artists - Dan ~ REFORM ~ 2nd Pack (Thaumiel) [~ 10th ~ (Marathon)],course,rc course,10,11.21,-1.21,1.21
,Various Artists - Dan ~ REFORM ~ 2nd Pack (Thaumiel) [~ EXTRA-ALPHA ~ (Marathon)],course,rc course,11,11.43,-0.43,0.43
,Various Artists - Dan ~ REFORM ~ 2nd Pack (Thaumiel) [~ EXTRA-BETA ~ (Marathon)],course,rc course,12,12.64,-0.64,0.64
,Various Artists - Dan ~ REFORM ~ 2nd Pack (Thaumiel) [~ EXTRA-GAMMA ~ (Marathon)],course,rc course,13,13.19,-0.19,0.19
,Various Artists - Dan ~ REFORM ~ 2nd Pack (Thaumiel) [~ EXTRA-DELTA ~ (Marathon)],course,rc course,14,14.12,-0.12,0.12
,Various Artists - Dan ~ REFORM ~ 2nd Pack (Thaumiel) [~ EXTRA-EPSILON ~ (Marathon)],course,rc course,15,15.33,-0.33,0.33
,Various Artists - Dan ~ REFORM ~ FINAL ([GB]Thaumiel) [~ FINAL - ETA ~ ( Marathon )],course,rc course,17,17.17,-0.17,0.17
5319863,Dan - Signicial's Courses[[4K] Stage III - Termination [3rd Dan] (Marathon)],course,rc course,3.1,3.50,-0.40,0.40
5319952,Dan - Signicial's Courses[[4K] Stage IV - Resuscitation [4th Dan] (Marathon)],course,rc course,3.7,4.27,-0.57,0.57
5031832,Dan - Signicial's Courses[[4K] Stage V - Disturbance [5th Dan] (Marathon)],course,rc course,4.6,5.14,-0.54,0.54
5031833,Dan - Signicial's Courses[[4K] Stage VI - Revitalization [6th Dan] (Marathon)],course,rc course,5.6,5.79,-0.19,0.19
5320775,Dan - Signicial's Courses[[4K] Stage VII - Motivation [7th Dan] (Marathon)],course,rc course,6.4,6.39,0.01,0.01
5320776,Dan - Signicial's Courses[[4K] Stage VIII - Misfortune [8th Dan] (Marathon)],course,rc course,7.5,7.50,0.00,0.00
5320774,Dan - Signicial's Courses[[4K] Stage IX - Catastrophe [9th Dan] (Marathon)],course,rc course,8.7,9.53,-0.83,0.83
5031834,Dan - Signicial's Courses[[4K] Stage X - Finale [10th Dan] (Marathon)],course,rc course,9.6,9.60,0.00,0.00
3216602,Dan - Signicial's Courses[[4K] Stage XI - Alpha [11th Dan] (Marathon)],course,rc course,10.5,11.21,-0.71,0.71
5637760,Dan - Signicial's Courses[[4K] Special Stage I - Luminal [11.5th Dan] (Marathon)],course,rc course,11.1,11.30,-0.20,0.20
3216603,Dan - Signicial Courses[[4K] Stage XII - Beta [12th Dan] (Marathon)],course,rc course,11.8,12.10,-0.30,0.30
3216604,Dan - Signicial's Courses[[4K] Stage XIII - Gamma [13th Dan] (Marathon)],course,rc course,12.7,12.92,-0.22,0.22
3216606,Dan - Signicial's Courses[[4K] Stage XIV - Delta [14th Dan] (Marathon)],course,rc course,13.7,14.19,-0.49,0.49
5442562,Dan - Signicial's Courses[[4K] Special Stage II - Tachyon [14.5th Dan] (Marathon)],course,rc course,14.3,14.72,-0.42,0.42
3216605,Dan - Signicial's Courses[[4K] Last Stage - Epsilon [15th Dan] (Marathon)],course,rc course,14.9,15.28,-0.38,0.38
5370092,Dan - Signicial's Courses[[4K] Extra Stage I - Zeta [16th Dan] (Marathon)],course,rc course,16.1,16.11,-0.01,0.01
5597992,Dan - Signicial's Courses[[4K] Extra Stage II - Eta [17th Dan] (Marathon)],course,rc course,17.1,17.04,0.06,0.06
5680925,Dan - Signicial's Courses[[4K] Extra Stage III - Theta [18th Dan] (Marathon)],course,rc course,17.9,18.07,-0.17,0.17
5695357,Reincarnation(signicial dan),jack,low chordjack,2.9,2.58,0.32,0.32
5695347,Backyun! - BAD GIRL -(signicial dan),jack,low chordjack,3.7,3.55,0.15,0.15
5695360,air's gravity(signicial dan),jack,low chordjack,4.8,4.66,0.14,0.14
5695358,Another Medium(signicial dan),jack,low chordjack,5.6,5.41,0.19,0.19
5695355,Saltwater Chicken & Duck Roasted Chicken & Duck(signicial dan),jack,low chordjack,6.6,6.29,0.31,0.31
5695349,EVERGREEN(signicial dan),jack,mid chordjack,7.4,7.20,0.20,0.20
5695345,Alea jacta est(signicial dan),jack,low chordjack,8.4,7.28,1.12,1.12
5695353,What is love(signicial dan),jack,high chordjack,9.1,9.60,-0.50,0.50
5695359,Count What You Have Now(signicial dan) x1.05,jack,high chordjack,10.3,10.19,0.11,0.11
5590322,Cryonix(signicial dan),jack,low chordjack,11.5,12.13,-0.63,0.63
5695348,lost found melody(signicial dan),jack,low chordjack,11.8,11.50,0.30,0.30
5695354,The Safari(signicial dan),jack,anchor chordjack,12.6,12.09,0.51,0.51
5695350,Nijiiro Kekkai Gekkyou no Goku(signicial dan),jack,anchor chordjack,13.6,13.64,-0.04,0.04
5590317,Nijuu(signicial dan),jack,anchor chordjack,14.5,14.56,-0.06,0.06
5695352,Ragnarok(signicial dan) x0.9,jack,high chordjack,16.1,16.22,-0.12,0.12
5370048,Ambitious(signicial dan),tech,stream tech,3.3,3.03,0.27,0.27
5370044,for Q(signicial dan),tech,stream tech,3.7,4.02,-0.32,0.32
5370045,kibou no tsuki(signicial dan),tech,jack tech,4.5,4.90,-0.40,0.40
5370043,BIRTH(signicial dan),tech,stream tech,5.7,4.98,0.72,0.72
5370047,girls.exe(signicial dan),tech,stream tech,6.4,5.39,1.01,1.01
5370050,Hestia(signicial dan),tech,stream tech,7.8,6.32,1.48,1.48
5370046,T'Suramic(signicial dan),tech,stream tech,9.6,8.61,0.99,0.99
5370036,Nowise(signicial dan),tech,jack tech,10.5,10.22,0.28,0.28
5590320,Veins Resonance(signicial dan),tech,jack tech,10.7,10.19,0.51,0.51
5370049,Rainshower(signicial dan),tech,jack tech,11.6,11.46,0.14,0.14
5370039,Sulfide(signicial dan),tech,stream tech,13.5,13.78,-0.28,0.28
5590318,sirens eye(signicial dan),tech,stream tech,14.4,14.12,0.28,0.28
5370038,POLYBIUS GB SPEEDRUN(signicial dan) x1.2,tech,stream tech,14.8,14.85,-0.05,0.05
5370037,NUCLEAR-STAR(signicial dan),tech,stream tech,16.2,16.06,0.14,0.14
5366872,Phi(signicial dan),speed,low stream,3.1,3.51,-0.41,0.41
5375029,498 Tokio(signicial dan),speed,low stream,3.8,4.45,-0.65,0.65
5366871,The Wanderlast(signicial dan),speed,low stream,4.4,5.29,-0.89,0.89
5366875,BREAK IT(signicial dan),speed,mid stream,5.8,5.38,0.42,0.42
5366877,Serendipity(signicial dan),speed,low stream,6.1,5.92,0.18,0.18
5366870,Eureka(signicial dan),speed,low stream,7.3,6.92,0.38,0.38
5366868,Angel Halo(signicial dan),speed,high stream,9.1,9.38,-0.28,0.28
5366867,cold planet(signicial dan),speed,high stream,9.6,9.74,-0.14,0.14
5366873,NightTheater(signicial dan),speed,high stream,10.7,9.56,1.14,1.14
5590323,Kyoumen no Nami(signicial dan),speed,mid stream,11.7,11.43,0.27,0.27
5366863,DON'T GIVE A FUCK(signicial dan),speed,high stream,11.6,11.49,0.11,0.11
5366874,Nirmiti(signicial dan),speed,high stream,12.9,12.99,-0.09,0.09
5366864,Tojita Sekai(signicial dan),speed,low stream,13.9,14.06,-0.16,0.16
5590321,Nevereverland(signicial dan) x1.05,speed,mid stream,14.5,14.80,-0.30,0.30
5366865,Disconnected Trance(signicial dan) x1.05,speed,mid stream,14.9,15.32,-0.42,0.42
5375823,Kouyou(signicial dan),stamina,light jumpstream,3.1,3.50,-0.40,0.40
5375826,Ouka Sange(signicial dan),stamina,light handstream,4.7,4.75,-0.05,0.05
5375824,Blue Moon(signicial dan),stamina,dense handstream,5.9,5.80,0.10,0.10
5375829,Synthesis.(signicial dan),stamina,light handstream,6.4,6.00,0.40,0.40
5375819,Literal Crystal in Cyphisonia(signicial dan),stamina,dense jumpstream,7.6,7.80,-0.20,0.20
5375831,CERCA-ESOTERICA(signicial dan),stamina,dense handstream,8.6,9.35,-0.75,0.75
5375820,Kisaragi(signicial dan),stamina,dense jumpstream,9.8,9.63,0.17,0.17
5375825,Sendan Life(signicial dan),stamina,light jumpstream,10.7,10.70,0.00,0.00
5590319,Chronicle(signicial dan),stamina,dense handstream,10.8,10.65,0.15,0.15
5375822,The Limit Does Not Exist(signicial dan),stamina,dense jumpstream,12.2,12.02,0.18,0.18
5375821,[ns](signicial dan),stamina,dense jumpstream,12.6,12.68,-0.08,0.08
5375845,Excuse Me But Could You Please RIP(signicial dan),stamina,dense handstream,13.8,13.87,-0.07,0.07
5590316,Get into the Abyssmare(signicial dan) x1.2,stamina,dense handstream,14.2,14.09,0.11,0.11
5375828,Juggernaut(signicial dan) x1.25,stamina,dense handstream,15,14.98,0.02,0.02
5375817,LA MD(signicial dan) 0.9x,stamina,dense jumpstream,16.1,15.39,0.71,0.71
5598212,SIVA(signicial dan),jack,high chordjack,17.2,17.22,-0.02,0.02
5598211,silly-willy-nilly(signicial dan),tech,jack tech,16.6,16.23,0.37,0.37
5600849,The Final Musical Dance I(signicial dan) x1.025,speed,low stream,17.3,16.94,0.36,0.36
5598209,EMPIRE OF FLAME(signicial) x1.15,stamina,dense handstream,17.4,16.29,1.11,1.11
5680975,Heaven's Fall(signicial dan),jack,anchor chordjack,17.6,17.61,-0.01,0.01
5679828,Necrophagiatoast(signicial dan) x1.075,tech,stream tech,17.8,18.25,-0.45,0.45
5679829,Discharge(signicial) x1.15,speed,low stream,18,18.11,-0.11,0.11
5680977,It Has To Be This Way(signicial dan),stamina,dense handstream,18.3,17.70,0.60,0.60
5253584,Life Garden(follow speed dan),speed,low stream,10.3,9.58,0.72,0.72
5253560,Elsa de la bibliotheque(follow speed dan),speed,mid stream,10.3,9.56,0.74,0.74
5253572,Chou Aoshiyounen no Tame no Choutan na Choukoten Choubukyoku(follow speed dan),speed,high stream,10.3,9.58,0.72,0.72
5253585,Hoshi ga Furanai Machi(follow speed dan),speed,high stream,10.4,9.60,0.80,0.80
5253561,Scarlet Tempest(follow speed dan),speed,mid stream,10.4,10.14,0.26,0.26
5253573,Otenba Renjyo(follow speed dan),speed,high stream,10.4,11.46,-1.06,1.06
5253586,Flower Dance(follow speed dan),speed,high stream,11.2,9.55,1.65,1.65
5253562,Hymn(follow speed dan),speed,mid stream,11.2,10.84,0.36,0.36
5253574,yo ma ya ko(follow speed dan),speed,high stream,11.2,9.57,1.63,1.63
5253587,The Crimson Empire(follow speed dan),speed,high stream,12.4,12.34,0.06,0.06
5253563,Anhedonia(follow speed dan),speed,mid stream,12.4,12.96,-0.56,0.56
5253575,Sora no Hajimaru Basho(follow speed dan),speed,high stream,12.4,12.68,-0.28,0.28
5253588,ntelecheia(follow speed dan),speed,high stream,13.4,12.97,0.43,0.43
5253564,Imitation of fragrance(follow speed dan),speed,mid stream,13.4,13.03,0.37,0.37
5253576,Brionac Lugh Lamhfhata(follow speed dan),speed,high stream,13.4,12.45,0.95,0.95
5253589,End Time(follow speed dan),speed,high stream,13.6,13.13,0.47,0.47
5253565,AIR(follow speed dan),speed,mid stream,13.6,13.49,0.11,0.11
5253577,Akasha(follow speed dan),speed,high stream,13.6,13.27,0.33,0.33
5253590,Metheus(follow speed dan),speed,high stream,14,13.62,0.38,0.38
5253566,BABYLON(follow speed dan),speed,mid stream,14,14.24,-0.24,0.24
5253578,weenywalker(follow speed dan),speed,low stream,14,13.96,0.04,0.04
5253591,osanagokoro chi no uchouten(follow speed dan),speed,high stream,14.4,14.06,0.34,0.34
5253567,hiiro gekka kyosakinoze(follow speed dan),speed,mid stream,14.4,14.03,0.37,0.37
5253579,Dark Flight Dreamer(follow speed dan),speed,high stream,14.4,14.25,0.15,0.15
5253592,Love Lie(follow speed dan),speed,high stream,14.6,14.15,0.45,0.45
5253568,Palette(follow speed dan),speed,mid stream,14.6,14.58,0.02,0.02
5253580,M-A(follow speed dan),speed,mid stream,14.6,14.41,0.19,0.19
5253583,kori metsuno 135 shosetsu(follow speed dan),speed,high stream,15,15.17,-0.17,0.17
5253559,Nibelungen(follow speed dan),speed,mid stream,15,15.17,-0.17,0.17
5253571,Fake(follow speed dan),speed,high stream,15,14.89,0.11,0.11
5253594,Regression(follow speed dan),speed,high stream,15.4,15.30,0.10,0.10
5253570,Kinki to Hiiro Gensou -The Primary Plasm-(follow speed dan),speed,mid stream,15.4,15.11,0.29,0.29
5253582,Decoy(follow speed dan),speed,high stream,15.4,15.14,0.26,0.26
1178,entelecheia 4K Another Lv.30,stamina,Jumpstream,6.37,6,0.37,0.37
1179,entelecheia 4K Hyper Lv.23,speed,Minitrills,4.06,3.6,0.46,0.46
1266,Shoujo Gensou ~Necro-Fantasy 4K MX Lv.25,stamina,Jumpstream,4.75,3.4,1.35,1.35
1352,Oboro 4K NM Lv.15,speed,Minitrills Tech,1.03,1,0.03,0.03
2185,Ushiyo 4K Lv.4,speed,Minitrills Tech,-1.74,2.6,-4.34,4.34
2633,Sengoku Sangen 4K HD Lv.14,speed,Minitrills Tech,0.49,1,-0.51,0.51
2755,FUNKY SUMMER BEACH 4K EXTREME LV.25,stamina,Jumpstream,4.75,4.6,0.15,0.15
2756,FUNKY SUMMER BEACH 4K ADVANCED LV.15,stamina,Jumpstream Tech,1.03,1.6,-0.57,0.57
2891,Let Me Hear 4K HD Lv.11,speed,Minitrills Tech,-0.4,2.4,-2.8,2.8
3008,Beyond the Horizon 4K MX Lv26,stamina,Handstream Tech,4.75,4,0.75,0.75
3036,Yuriya 4K Another LV.28,stamina,Handstream Tech,5.75,4.2,1.55,1.55
3166,KAGACHI victorica vs biemote's 4K Hard Lv.17,speed,Trills Tech,2.11,3,-0.89,0.89
3167,KAGACHI victorica's 4K ExTrA Lv.27,stamina,Handstream Tech,5.75,4.2,1.55,1.55
3346,Ichidodake no Koinara 4K MX Lv.24,stamina,Jumpstream,4.75,4.2,0.55,0.55
3355,Unmeiron 4K Another LV.27,speed,Minitrills Tech,5.75,5.2,0.55,0.55
3361,Unmeiron 4K Normal LV.7,speed,Minitrills Tech,-1.16,2.6,-3.76,3.76
3386,Yuriya 4K Normal LV.9,speed,Minitrills Tech,-0.78,2.6,-3.38,3.38
3405,Yuriya 4K Tree New Bee Lv.27,stamina,Jumpstream Tech,5.75,4.4,1.35,1.35
3690,Gekkou Ranbu Spy's 4K GRAVITY Lv.27,stamina,Jumpstream Tech,5.75,4.4,1.35,1.35
3691,Gekkou Ranbu Spy's 4K INFINITE Lv.22,stamina,Jumpstream Tech,3.41,3.6,-0.19,0.19
3692,Gekkou Ranbu KK's 4K EXHAUST Lv.17,stamina,Jumpstream Tech,2.11,3.4,-1.29,1.29
4496,HAELEQUIN 4K MX Lv. 30,speed,Jumpstream,6.37,4.6,1.77,1.77
4569,HAELEQUIN 4K HD Lv.19,speed,Minitrills,3.18,2.6,0.58,0.58
4731,Kanojo no Kiyouku 4K Lv.5,tech,Uncategorised,-1.54,2.6,-4.14,4.14
4825,Kara no Shoujo 4K Easy Lv.5,tech,Uncategorised,-1.54,2.4,-3.94,3.94
5081,Black Lotus 4K Collab Black Another Lv.31,stamina,Jumpstream,7.75,8.6,-0.85,0.85
5172,Megaburn cosran's 4K Insane Lv.24,stamina,Jumpstream Tech,4.75,4.4,0.35,0.35
5174,Megaburn 4K Extra Lv.29,stamina,Jumpstream Tech,5.8,3.8,2.0,2.0
5252,Waltz in G Minor No.17 Valse du grand chien 4K Another Lv.31,speed,Minitrills Tech,7.75,5.8,1.95,1.95
5253,Waltz in G Minor No.17 Valse du grand chien 4K Hyper Lv.24,speed,Minitrills Tech,4.75,3.4,1.35,1.35
5254,Waltz in G Minor No.17 Valse du grand chien 4K Normal Lv.15,speed,Minitrills Tech,1.03,1.6,-0.57,0.57
5255,Waltz in G Minor No.17 Valse du grand chien 4K Beginner Lv.6,speed,Minitrills Tech,-1.35,2.6,-3.95,3.95
5388,Dokkin summer aventure 4K Dokkin Lv.27,stamina,Jumpstream,5.75,4.4,1.35,1.35
5389,Dokkin summer aventure 4K Hyper Lv.20,stamina,Jumpstream Tech,3.25,2.6,0.65,0.65
5463,Sachinaru Senritsu -the solitary melody- 4K Apple vs. Xingyao's Hyper Lv.19,speed,Jumpstream Tech,3.18,2.6,0.58,0.58
5464,Sachinaru Senritsu -the solitary melody- 4K Apyother Lv.30,speed,Jumpstream,6.37,5.4,0.97,0.97
5647,"Proposed,Flower,Wolf 4K Proposed Lv.13",speed,Minitrills Tech,-0.02,1,-1.02,1.02
5821,Megaburn 4K Hard Lv.18,speed,Jumpstream Tech,2.64,2.8,-0.16,0.16
5890,Black Lotus 4K Hard Lv.21,speed,Jumpstream Tech,3.25,4.4,-1.15,1.15
5977,X 4K Normal Lv.9,speed,Minitrills Tech,-0.78,2.6,-3.38,3.38
5978,X 4K Another Lv.27,stamina,Jumpstream,5.75,4,1.75,1.75
5979,X 4K Hyper Lv.18,speed,Minitrills Tech,2.64,2.4,0.24,0.24
6015,Alpha Omega 4K EXHAUST Lv.31,stamina,Jumpstream,7.75,6,1.75,1.75
6092,IKAROS 4K White Another Lv.28,ln,Jumpstream,5.75,3.8,1.95,1.95
6093,IKAROS 4K Another Lv.27,stamina,Jumpstream Tech,5.75,4.2,1.55,1.55
6100,Night 4K Lv.5,speed,Minitrills,-1.54,2.6,-4.14,4.14
6349,Hemisphere 4K HARD Lv.18,speed,Minitrills Tech,2.64,3,-0.36,0.36
6358,Rebellio 4K Medium Lv.18,speed,Minitrills Tech,2.64,2.6,0.04,0.04
6360,Rebellio 4K Apple's Special Lv.30,stamina,Handstream,6.37,5.6,0.77,0.77
6366,Rebellio 4K Apple vs. Stan's Maximum Lv.31,stamina,Jumpstream Tech,7.75,5.4,2.35,2.35
6387,Chinese Restaurant 4K Hard Lv.21,stamina,Jumpstream,3.25,2.8,0.45,0.45
6425,Sigmund 4K Another Lv.31,speed,Jumpstream,7.75,5.4,2.35,2.35
6438,Sigmund 4K Hyper Lv.19,speed,Minitrills Tech,3.18,2.6,0.58,0.58
6458,IKAROS 4K Black Another Lv.29,ln,Jumpstream,5.8,4.8,1.0,1.0
6502,Sigmund 4K Spy's Leggendaria Lv.32,stamina,Jumpstream,7.75,7.4,0.35,0.35
6547,Megalara Garuda 4K Extreme Lv.31,speed,Jumpstream Tech,7.75,4.4,3.35,3.35
6736,Engine 4K Insane Lv.28,stamina,Jumpstream,5.75,4.6,1.15,1.15
6775,Urara 4K Another Lv.26,speed,Minitrills,4.75,4,0.75,0.75
6776,Urara 4K Hyper Lv.17,speed,Minitrills,2.11,2,0.11,0.11
6843,iLLness LiLin 4K Exhaust Lv.27,speed,Minitrills,5.75,6,-0.25,0.25
6879,Chrono Diver -PENDULUMs- 4K Another Lv.28,speed,Minitrills Tech,5.75,5,0.75,0.75
6930,OVERSOUL 4K MAXIMUM Lv.29,stamina,Jumpstream,5.8,5.8,0.0,0.0
6941,Dream to Nightmare 4K MX Lv.30,stamina,Handstream Tech,6.37,4.6,1.77,1.77
6942,Dream to Nightmare 4K SHD Lv.34,jack,Jumptrill Tech,7.93,9,-1.07,1.07
7051,Youkoso JAPARI Park e 4K JAPARIPA! Lv.27,stamina,Jumpstream,5.75,4,1.75,1.75
7122,Rock It 4K Advanced Lv.18,speed,Minitrills Tech,2.64,2.6,0.04,0.04
7123,Rock It 4K Hyper Lv.24,speed,Jumpstream Tech,4.75,3.6,1.15,1.15
7124,Rock It 4K Another Lv.28,speed,Minitrills,5.75,5,0.75,0.75
7227,DRG 4K Hard Lv.15,speed,Minitrills,1.03,1,0.03,0.03
7262,HE4VEN ～Tengoku e youkoso～ 4K EXHAUST Lv.23,speed,Minitrills Tech,4.06,3.6,0.46,0.46
7263,HE4VEN ～Tengoku e youkoso～ 4K MAXIMUM Lv.31,speed,Minitrills,7.75,6,1.75,1.75
7339,Fox4-Raize- 4K EXH4UST Lv.28,jack,Jumptrill,5.75,6,-0.25,0.25
7401,cyanine 4K Expert Lv.32,speed,Jumpstream Tech,7.75,7,0.75,0.75
7445,C18H27NO3 4K MX Lv.29,stamina,Jumpstream,5.8,4,1.8,1.8
7459,DRG 4K Advanced Lv.20,speed,Jumpstream Tech,3.25,2.6,0.65,0.65
7654,絶対零度 4K GRAVITY Lv.28,speed,Jumpstream Tech,5.75,6,-0.25,0.25
7905,Zettaireido 4K EXHAUST Lv.24,speed,Jumpstream Tech,4.75,4.6,0.15,0.15
7908,Destroy 4K ADVANCED Lv.20,speed,Jumpstream Tech,3.25,2.4,0.85,0.85
7972,chi-dan 4K HD Lv.22,speed,Minitrills Tech,3.41,4.6,-1.19,1.19
7990,Cross The Finish Line 4K HD Lv.23,stamina,Jumpstream,4.06,3.6,0.46,0.46
7991,Cross The Finish Line 4K MX Lv.30,stamina,Jumpstream,6.37,7,-0.63,0.63
8013,"Blind Justice ~Torn souls, Hurt Faiths~ 4K Another Lv.28",stamina,Jumpstream,5.75,5.8,-0.05,0.05
8014,"Blind Justice ~Torn souls, Hurt Faiths~ 4K Hyper Lv.17",speed,Minitrills,2.11,1.6,0.51,0.51
8015,"Blind Justice ~Torn souls, Hurt Faiths~ 4K Normal Lv.9",speed,Minitrills Tech,-0.78,2.6,-3.38,3.38
8042,chi-dan 4K SC Lv.31,speed,Jumpstream,7.75,5.4,2.35,2.35
8133,OVERSOUL 4K EXHAUST Lv.23,speed,Jumpstream,4.06,2.6,1.46,1.46
8213,Aragami 4K Insane Lv.32,speed,Handstream,7.75,9.6,-1.85,1.85
8240,Air 4K Airborne Lv.25,stamina,Jumpstream Tech,4.75,4.2,0.55,0.55
8391,Super Rush 4K Hyper Lv.18,speed,Jumpstream,2.64,2.6,0.04,0.04
8402,Aragami 4K Another Lv.30,speed,Minitrills,6.37,6.2,0.17,0.17
8430,Oblivion 4K SC Lv.26,stamina,Jumpstream,4.75,3.4,1.35,1.35
8457,Super Rush 4K Another Lv.26,speed,Jumpstream,4.75,4.6,0.15,0.15
8472,Fox4-Raize- 4K ADVAN4ED Lv.20,stamina,Jumpstream Tech,3.25,4.2,-0.95,0.95
8613,Androgynos ver.A 4K Ultra Lv.29,stamina,Jumpstream,5.8,5.4,0.4,0.4
8709,Re_End of a Dream 4K Hyper Lv.21,speed,Minitrills Tech,3.25,3,0.25,0.25
8710,Re_End of a Dream 4K Another Lv.29,speed,Jumpstream Tech,5.8,5.4,0.4,0.4
8712,Re_End of a Dream 4K Extra Lv.31,stamina,Jumpstream,7.75,9.4,-1.65,1.65
8714,Re_End of a Dream 4K Re_start! Lv.32,stamina,Jumpstream,7.75,8.6,-0.85,0.85
8737,PUNISHER 4K Another Lv.29,jack,Chordjacks Tech,5.8,6.2,-0.4,0.4
8738,PUNISHER 4K Hyper Lv.23,speed,Minitrills,4.06,2.8,1.26,1.26
8739,PUNISHER 4K Normal Lv.18,speed,Minijacks Tech,2.64,1.4,1.24,1.24
8740,PUNISHER 4K Beginner Lv.10,speed,Minitrills Tech,-0.59,2.2,-2.79,2.79
8748,Masakari Blade 4K EXHAUST Lv.25,stamina,Jumpstream Tech,4.75,3.4,1.35,1.35
8758,Double Agent 4K Extend Lv.25,stamina,Split Trill Tech,4.75,5,-0.25,0.25
8950,Lachryma《Re_Queen’M》 4K GRAVITY Lv.34,speed,Stream,7.93,7.4,0.53,0.53
8953,Lachryma《Re_Queen’M》 4K EXHAUST Lv.25,speed,Minitrills,4.75,4.6,0.15,0.15
8955,DIABLOSIS__Naga 4K ADVANCED Lv.19,speed,Minitrills Tech,3.18,3,0.18,0.18
8956,DIABLOSIS__Naga 4K EXHAUST Lv.27,stamina,Jumpstream Tech,5.75,5.2,0.55,0.55
8957,DIABLOSIS__Naga 4K GRAVITY Lv.30,stamina,Jumpstream,6.37,6,0.37,0.37
8971,Wicked Fate 4K Normal Lv.7,speed,Minitrills,-1.16,2.6,-3.76,3.76
8978,Wicked Fate 4K Hard Lv.15,speed,Minitrills Tech,1.03,1,0.03,0.03
8979,Legend 4K SHD Lv.27,speed,Stream,5.75,4.6,1.15,1.15
8982,BOUNCE THE TECH 4K Leggendaria Lv.26,stamina,Jumpstream Tech,4.75,5.6,-0.85,0.85
9001,Dement ~After Legend~ 4K Legendary again Lv.31,stamina,Jumpstream,7.75,6.4,1.35,1.35
9270,VitMaster 4K Evasion Lv.27,stamina,Jumpstream,5.75,6,-0.25,0.25
9305,VitMaster 4K Hard Lv.13,speed,Minitrills Tech,-0.02,2.2,-2.22,2.22
9307,VitMaster 4K Advanced Lv.21,stamina,Jumpstream,3.25,2.6,0.65,0.65
9309,VitMaster 4K Normal Lv.5,tech,Uncategorised,-1.54,2.8,-4.34,4.34
9331,Persephone 4K GIGA Lv.28,speed,Handstream,5.75,5.4,0.35,0.35
9413,Peace Sign 4K EZ Lv.9,speed,Minitrills Tech,-0.78,2.6,-3.38,3.38
9481,BroGamer 4K Leggendaria Lv.27,jack,Longjacks Tech,5.75,5.2,0.55,0.55
9564,Bangin' Burst 4K INFINITE Lv.31,stamina,Jumpstream Tech,7.75,8.6,-0.85,0.85
9568,Bangin' Burst 4K EXHAUST Lv.27,stamina,Split Trill Tech,5.75,6.4,-0.65,0.65
9609,PUPA 4K Advanced Lv.22,stamina,Jumpstream,3.41,1.2,2.21,2.21
9612,PUPA 4K Metamorphosis Lv.29,stamina,Jumpstream,5.8,6.2,-0.4,0.4
9721,FIN4LE ~shuushihen no kanata e~ 4K INFINITE Lv.31,speed,Minitrills,7.75,6.4,1.35,1.35
9740,WHITEOUT 4K HEAVENLY Lv.31,speed,Jumptrill,7.75,6.2,1.55,1.55
9780,Far East Princess 4K MX Lv.17,speed,Jumpstream Tech,2.11,1,1.11,1.11
9820,NEO TREASON 4K ADVANCED Lv.23,speed,Minitrills,4.06,2.6,1.46,1.46
9822,NEO TREASON 4K EXHAUST Lv.27,speed,Minitrills,5.75,5,0.75,0.75
9823,NEO TREASON 4K GRAVITY Lv.30,speed,Jumptrill,6.37,6,0.37,0.37
9867,Landscape 4K NM Lv.6,speed,Minitrills Tech,-1.35,2.6,-3.95,3.95
9948,IX 4K SPECIAL Lv.28,stamina,Jumpstream,5.75,6.2,-0.45,0.45
9949,IX 4K Hard Lv.24,speed,Minitrills,4.75,5.2,-0.45,0.45
10117,Rebellio 4K ExTrA Lv.31,speed,Jumpstream,7.75,10,-2.25,2.25
10138,Panic! Pop'n! Picnic! 4K EX Picnic Lv.23,stamina,Jumpstream Tech,4.06,2.6,1.46,1.46
10285,Dream of Winds 4K HD Lv.20,speed,Jumpstream,3.25,4.6,-1.35,1.35
10343,Landscape 4K Secret(1) Lv.21,speed,Minitrills Tech,3.25,3.4,-0.15,0.15
10344,Landscape 4K Secret(3) Lv.21,stamina,Jumpstream,3.25,3.4,-0.15,0.15
10360,Dyscontrolled Galaxy 4K MAXIMUM Lv.30,stamina,Jumpstream Tech,6.37,6.4,-0.03,0.03
10506,Dream of Winds 4K NM Lv.13,speed,Minitrills Tech,-0.02,1.6,-1.62,1.62
10514,Dyscontrolled Galaxy 4K EXHAUST Lv.23,speed,Minitrills Tech,4.06,3.6,0.46,0.46
10520,Chronostasis 4K Future Lv.30,stamina,Jumptrill,6.37,5,1.37,1.37
10521,Dyscontrolled Galaxy 4K ADVANCED Lv.15,speed,Minitrills Tech,1.03,1.2,-0.17,0.17
10522,Dyscontrolled Galaxy 4K NOVICE Lv.8,speed,Minitrills,-0.97,2.6,-3.57,3.57
10636,Close the World feat.a ru 4K Another Lv.25,stamina,Jumpstream Tech,4.75,4.2,0.55,0.55
10637,Close the World feat.a ru 4K Hyper Lv.19,speed,Minitrills,3.18,3.2,-0.02,0.02
10638,Close the World feat.a ru 4K Normal Lv.6,speed,Minitrills Tech,-1.35,2.6,-3.95,3.95
10706,ULTRA B+K 4K MX Lv.23,jack,Jumpstream Tech,4.06,3.4,0.66,0.66
10707,ULTRA B+K 4K HD Lv.16,stamina,Jumpstream Tech,1.57,2.2,-0.63,0.63
10822,Kami-iro Awase 4K Despair Lv.17,speed,Minitrills,2.11,1.8,0.31,0.31
10823,Kami-iro Awase 4K Hope Lv.7,speed,Minitrills Tech,-1.16,2.6,-3.76,3.76
10997,KAC 2012 ULTIMATE MEDLEY -HISTORIA SOUND VOLTEX- 4K ADVANCED Lv.17,speed,Jumpstream,2.11,2,0.11,0.11
10998,KAC 2012 ULTIMATE MEDLEY -HISTORIA SOUND VOLTEX- 4K EXHAUST Lv.23,speed,Minitrills,4.06,3.8,0.26,0.26
11000,KAC 2012 ULTIMATE MEDLEY -HISTORIA SOUND VOLTEX- 4K GRAVITY Lv.29,stamina,Jumpstream,5.8,6,-0.2,0.2
11001,KAC 2012 ULTIMATE MEDLEY -HISTORIA SOUND VOLTEX- 4K INFINITE Lv.27,stamina,Jumpstream Tech,5.75,6.2,-0.45,0.45
11006,Tenku no Hana 4K EXPERT Lv.23,stamina,Jumpstream Tech,4.06,4.4,-0.34,0.34
11007,Tenku no Hana 4K EXTREME Lv.26,stamina,Jumpstream Tech,4.75,5.6,-0.85,0.85
11014,Enigma 4K EXHAUST Lv.26,speed,Minitrills,4.75,4.6,0.15,0.15
11212,Enigma 4K MAXIMUM Lv.29,speed,Minitrills,5.8,5.2,0.6,0.6
11492,Exit This Earth's Atomosphere 4K MX Lv.25,speed,Rolls,4.75,4.4,0.35,0.35
11493,Exit This Earth's Atomosphere 4K SC Lv.28,speed,Minitrills,5.75,4.8,0.95,0.95
11494,Exit This Earth's Atomosphere 4K SHD Lv.31,speed,Jumpstream,7.75,6,1.75,1.75
11622,HEAVENLY MOON 4K ADVANCED Lv.20,speed,Jumpstream,3.25,2.6,0.65,0.65
11623,HEAVENLY MOON 4K EXTREME Lv.26,stamina,Jumpstream,4.75,2.6,2.15,2.15
11845,Halloween Party 4K Hard Lv.18,stamina,Jumpstream Tech,2.64,1,1.64,1.64
11846,Halloween Party 4K Jack-o'-lantern Lv.24,stamina,Jumpstream Tech,4.75,2.6,2.15,2.15
11861,Mopemope 4K Another Lv.24,speed,Jumpstream,4.75,3.6,1.15,1.15
11863,Mopemope 4K Normal Lv.3,tech,Uncategorised,-1.93,2.6,-4.53,4.53
11932,Gott 4K MAXIMUM Lv.27,stamina,Jumpstream Tech,5.75,5,0.75,0.75
12068,Gott 4K ADVANCED Lv.20,stamina,Jumpstream,3.25,3,0.25,0.25
12163,Gott 4K INFINITE Lv.30,stamina,Jumpstream Tech,6.37,6,0.37,0.37
12194,Thor 4K Signature Lv.24,speed,Jumpstream,4.75,3.6,1.15,1.15
12195,Thor 4K Premium Lv.16,speed,Jumpstream Tech,1.57,1,0.57,0.57
12516,I Want You 4K HD mix Lv.19,stamina,Jumpstream,3.18,2.2,0.98,0.98
12517,I Want You 4K XeoN RD mix Lv.14,stamina,Jumpstream,0.49,1,-0.51,0.51
12566,GERBERA 4K EXHAUST Lv.28,stamina,Jumpstream Tech,5.75,5.4,0.35,0.35
12696,黎明スケッチブック 4K EXHAUST Lv.23,stamina,Jumpstream,4.06,4.4,-0.34,0.34
12798,WHITEOUT 4K EXHAUST Lv.27,speed,Minitrills,5.75,4.4,1.35,1.35
12839,2 MINUTES FIGHTERS 4K MAXIMUM Lv.29,stamina,Jumpstream,5.8,6,-0.2,0.2
13016,2 MINUTES FIGHTERS 4K EXHAUST Lv.24,stamina,Jumpstream Tech,4.75,3,1.75,1.75
13103,2 MINUTES FIGHTERS 4K ZEDVANCED Lv.17,speed,Minitrills Tech,2.11,2.6,-0.49,0.49
13141,GERBERA 4K ADVANCED Lv.23,stamina,Jumpstream Tech,4.06,3.6,0.46,0.46
13145,PARADISE LOST 4K Hyper Lv.21,speed,Jumpstream,3.25,3.4,-0.15,0.15
13146,PARADISE LOST 4K Another Lv.26,speed,Jumpstream,4.75,5.2,-0.45,0.45
13147,PARADISE LOST 4K Black Another Lv.28,stamina,Jumpstream Tech,5.75,5,0.75,0.75
13223,Hypernova 4K Hyper Lv.21,speed,Jumpstream Tech,3.25,2.2,1.05,1.05
13225,Hypernova 4K Another Lv.27,speed,Minitrills Tech,5.75,3.6,2.15,2.15
13236,BLACK or WHITE_ 4K EXHAUST Lv.28,speed,Minitrills,5.75,5.4,0.35,0.35
13867,Berry Go!! 4K Another Lv.27,stamina,Jumpstream Tech,5.75,4.6,1.15,1.15
13870,iNSPiRED 4K Hard Lv.22,speed,Minitrills Tech,3.41,4.6,-1.19,1.19
13871,iNSPiRED 4K Another Lv.28,jack,Minijacks Tech,5.75,5.4,0.35,0.35
14095,MEGANTO METEOR 4K Another Lv.27,jack,Longjacks Tech,5.75,4.6,1.15,1.15
14096,MEGANTO METEOR 4K Hyper Lv.18,speed,Minitrills,2.64,3.4,-0.76,0.76
14119,TSLove 4K MX Lv.27,stamina,Handstream Tech,5.75,4.2,1.55,1.55
14182,GOODRAGE 4K Hard Lv.24,stamina,Jumpstream Tech,4.75,4.4,0.35,0.35
15183,Calamity Fortune 4K Another Lv.29,stamina,Jumpstream Tech,5.8,5.4,0.4,0.4
15261,GOODTEK 4K Hard Lv.27,stamina,Jumpstream Tech,5.75,4.2,1.55,1.55
15523,FIN4LE ~Shushisen no Kanata e~ 4K ADVANCED Lv.20,speed,Minitrills Tech,3.25,3.4,-0.15,0.15
15524,FIN4LE ~Shushisen no Kanata e~ 4K EXHAUST Lv.27,stamina,Jumpstream,5.75,5.4,0.35,0.35
15547,DIAVOLO 4K Another Lv.27,speed,Minitrills Tech,5.75,5.4,0.35,0.35
15548,DIAVOLO 4K Hyper Lv.22,speed,Minitrills,3.41,2.6,0.81,0.81
15550,DIAVOLO 4K Normal Lv.17,speed,Minitrills Tech,2.11,1.8,0.31,0.31
16016,XROSS INFECTION 4K ADVANCED Lv.19,speed,Minitrills,3.18,3,0.18,0.18
16018,XROSS INFECTION 4K INFINITE Lv.28,stamina,Jumpstream Tech,5.75,4.8,0.95,0.95
16019,XROSS INFECTION 4K GRAVITY Lv.31,stamina,Jumpstream Tech,7.75,6,1.75,1.75
16043,RE_UNION -Duo Blade Against- 4K RE_NDEZVOUS Lv.28,stamina,Jumpstream Tech,5.75,5.4,0.35,0.35
16061,RE_UNION -Duo Blade Against- 4K Advanced Lv.23,stamina,Jumpstream Tech,4.06,3.6,0.46,0.46
16062,RE_UNION -Duo Blade Against- 4K Hard Lv.16,speed,Jumpstream,1.57,1,0.57,0.57
16426,Keigann no Zettaireido 4K Hard Lv.19,speed,Minitrills,3.18,2.6,0.58,0.58
16427,Keigann no Zettaireido 4K Mega Lv.26,ln,Jumpstream,4.75,3.8,0.95,0.95
16428,Keigann no Zettaireido 4K Giga Lv.30,stamina,Jumpstream,6.37,5.4,0.97,0.97
16439,Piano Concerto No.1 _Scream_ 4K A6 Lv.22,speed,Minitrills,3.41,2.6,0.81,0.81
16440,Piano Concerto No.1 _Scream_ 4K A7 Lv.22,speed,Minitrills,3.41,3,0.41,0.41
16442,Entrapment 4K B1 Lv.22,speed,Jumpstream Tech,3.41,1.6,1.81,1.81
16599,Angel dust 4K Hard Lv.24,speed,Minitrills,4.75,3.6,1.15,1.15
16600,無人区-Vacuum Track#ADD8E6- 4K Insane Lv.25,speed,Longjacks Tech,4.75,5.2,-0.45,0.45
16769,スパイス 4K Shokugeki Lv.18,stamina,Jumpstream,2.64,1,1.64,1.64
16792,スパイス 4K Ryori Lv.4,speed,Minitrills Tech,-1.74,2.6,-4.34,4.34
16794,スパイス 4K Kyokuseiryo Lv.13,stamina,Jumpstream Tech,-0.02,1,-1.02,1.02
17163,Latitude 4K Another Lv.24,stamina,Jumpstream Tech,4.75,4.4,0.35,0.35
17304,Mujinku-Vacuum Track#ADD8E6- 4K Another Lv.23,speed,Minitrills,4.06,3.8,0.26,0.26
17508,BEAT-NEW-WORLD 4K EXHAUST Lv.23,stamina,Jumpstream Tech,4.06,3.4,0.66,0.66
17610,BEAT-NEW-WORLD 4K ADVANCED Lv.17,speed,Minitrills Tech,2.11,2.6,-0.49,0.49
17641,BEAT-NEW-WORLD 4K NOVICE Lv.9,speed,Minitrills Tech,-0.78,1.6,-2.38,2.38
19162,I 4K MAXIMUM Lv.33,stamina,Jumptrill,7.75,7.4,0.35,0.35
19193,GOODBOUNCE 4K Hard Lv.25,stamina,Jumpstream Tech,4.75,4.4,0.35,0.35
19198,Royal Action 4K EXHAUST Lv.26,stamina,Jumpstream,4.75,4.2,0.55,0.55
19318,GOODBOUNCE 4K Normal Lv.15,speed,Minitrills Tech,1.03,1,0.03,0.03
19321,Midnight City Warfare 4K EXTREME Lv.25,stamina,Jumpstream Tech,4.75,4,0.75,0.75
19341,Royal Action 4K ADVANCED Lv.19,speed,Minitrills Tech,3.18,1.6,1.58,1.58
19343,Grand Chariot 4K Another Lv.28,stamina,Jumpstream,5.75,6,-0.25,0.25
19344,Grand Chariot 4K Hyper Lv.23,speed,Jumpstream Tech,4.06,3.4,0.66,0.66
19592,I 4K ADVANCED Lv.20,speed,Jumpstream,3.25,3,0.25,0.25
19593,I 4K EXHAUST Lv.26,ln,Jumpstream,4.75,3.6,1.15,1.15
19594,I 4K HEAVENLY Lv.30,speed,Jumpstream,6.37,5.8,0.57,0.57
19765,Morgenglut 4k Hyper Lv.23,speed,Jumpstream,4.06,4.2,-0.14,0.14
19857,Midnight City Warfare 4K BASIC Lv.8,speed,Minitrills Tech,-0.97,2.6,-3.57,3.57
19888,Hollywood Galaxy 4K SPECIAL Lv.26,speed,Jumpstream,4.75,5.6,-0.85,0.85
19894,Cloud 9 4K ADVANCED Lv.18,stamina,Jumpstream Tech,2.64,1.6,1.04,1.04
19895,Cloud 9 4K EXHAUST Lv.26,stamina,Jumpstream,4.75,4.6,0.15,0.15
20284,Applique 4K EXHAUST Lv.26,stamina,Jumpstream Tech,4.75,5.4,-0.65,0.65
20285,Applique 4K INFINITE Lv.30,stamina,Jumptrill,6.37,7.4,-1.03,1.03
20360,ouroVoros 4k Another Lv.30,stamina,Jumpstream,6.37,6,0.37,0.37
20425,雪月夜 4K Special Lv.26,stamina,Jumpstream,4.75,3.8,0.95,0.95
20449,雪月夜 4K Hard Lv.22,stamina,Jumpstream Tech,3.41,2.6,0.81,0.81
20509,雪月夜 4K Medium Lv.17,speed,Jumpstream Tech,2.11,1.2,0.91,0.91
20563,ouroVoros 4k Hard Lv.22,speed,Minitrills,3.41,4.2,-0.79,0.79
20700,Music is The Answer 4K Another Lv.14,stamina,Jumpstream Tech,0.49,1,-0.51,0.51
20701,Music is The Answer 4K Hyper Lv.10,speed,Minitrills Tech,-0.59,1,-1.59,1.59
20702,Music is The Answer 4K Normal Lv.6,speed,Minitrills Tech,-1.35,1.8,-3.15,3.15
21090,ホメ猫☆センセーション 4K ExTrA Lv.27,jack,Jumpstream,5.75,6,-0.25,0.25
21091,ホメ猫☆センセーション 4K Insane Lv.25,stamina,Jumpstream,4.75,4.4,0.35,0.35
21092,ホメ猫☆センセーション 4K Hard Lv.18,stamina,Jumpstream,2.64,3.2,-0.56,0.56
21097,Cirno's Perfect Math Class 9th Anniversary version 4K Hard Lv.19,stamina,Jumpstream Tech,3.18,2.6,0.58,0.58
21098,Cirno's Perfect Math Class 9th Anniversary version 4K Baka Lv.23,stamina,Jumpstream Tech,4.06,4,0.06,0.06
21108,take a step forward 4K HEAVENLY Lv.25,speed,Jumpstream,4.75,4.2,0.55,0.55
21109,take a step forward 4K EXHAUST Lv.24,speed,Jumpstream,4.75,4.6,0.15,0.15
21110,take a step forward 4K ADVANCED Lv.19,speed,Minitrills Tech,3.18,1.6,1.58,1.58
21319,Hollywood Galaxy 4K HARD Lv.20,speed,Jumpstream,3.25,3,0.25,0.25
21405,Tenkaranbu 4K EXTREME Lv.23,stamina,Jumptrill,4.06,2.6,1.46,1.46
21494,天嘩乱舞 4K ADVANCED Lv.16,stamina,Jumpstream,1.57,1,0.57,0.57
21523,Amazing Mirage 4K Hyper Lv.19,speed,Minitrills,3.18,1.6,1.58,1.58
21524,Amazing Mirage 4K Another Lv.27,stamina,Jumpstream Tech,5.75,4,1.75,1.75
21547,Last Resort 4K ADVANCED Lv.19,stamina,Jumpstream,3.18,2.6,0.58,0.58
21548,BroGamer 4K Hyper Lv.18,speed,Jumpstream,2.64,1,1.64,1.64
21595,Variance 4K MEGA Lv.25,stamina,Jumpstream,4.75,4.2,0.55,0.55
21596,Dream Coaster 4K HD Lv.26,stamina,Jumpstream,4.75,6,-1.25,1.25
22357,Tenkaranbu 4K BASIC Lv.8,speed,Minitrills Tech,-0.97,2.6,-3.57,3.57
23488,werewolf howls. 4K INFINITY Lv.31,stamina,Jumptrill Tech,7.75,6.2,1.55,1.55
23503,GuNGNiR 4K Leggendaria Lv.33,stamina,Jumptrill,7.75,9.6,-1.85,1.85
23505,GuNGNiR 4K Another Lv.28,stamina,Jumpstream Tech,5.75,5.4,0.35,0.35
23506,GuNGNiR 4K Hyper Lv.25,speed,Minitrills,4.75,5.4,-0.65,0.65
23507,GuNGNiR 4K Normal Lv.17,speed,Minitrills Tech,2.11,2.4,-0.29,0.29
23931,werewolf howls. 4K EXHAUST Lv.26,stamina,Jumpstream Tech,4.75,4.6,0.15,0.15
23977,werewolf howls. 4K ADVANCED Lv.19,stamina,Jumpstream Tech,3.18,3.4,-0.22,0.22
24141,Variance 4K HARD Lv.18,stamina,Jumpstream,2.64,1,1.64,1.64
24380,glacia 4K SPECIAL Lv.26,stamina,Jumpstream Tech,4.75,4.8,-0.05,0.05
24440,Jyuunouseigou 4K Secret_3F Lv.23,stamina,Jumpstream Tech,4.06,2.6,1.46,1.46
24939,Xronier 4K MAXIMUM Lv.32,stamina,Jumpstream Tech,7.75,8,-0.25,0.25
25032,DIAVOLO 4K EX Lv.33,speed,Minitrills Tech,7.75,9.4,-1.65,1.65
25269,Imaginary World 4K MASTER Lv.26,stamina,Jumptrill Tech,4.75,4.6,0.15,0.15
25394,Symphonic Love 4K Hyper Lv.12,speed,Jumpstream Tech,-0.21,1,-1.21,1.21
25395,Symphonic Love 4K Another Lv.18,stamina,Jumpstream Tech,2.64,1,1.64,1.64
25524,Crystalia 4K Illumination Lv.24,ln,Jumpstream,4.75,4,0.75,0.75
25593,Xronier 4K EXHAUST Lv.26,speed,Minitrills Tech,4.75,4.6,0.15,0.15
25802,Hitch Hiker 4K Hyper Lv.18,speed,Jumpstream Tech,2.64,1.4,1.24,1.24
26160,SAY BAY 4K Another Lv.24,stamina,Jumpstream,4.75,4.6,0.15,0.15
26166,SAY BAY 4K Hyper Lv.17,speed,Minitrills Tech,2.11,1.8,0.31,0.31
26601,Angel dust 4K Extra Lv.28,speed,Jumpstream,5.75,4.6,1.15,1.15
27355,Helios 4K Another LV.20,stamina,Jumpstream,3.25,2.6,0.65,0.65
27356,Helios 4K Insane LV.27,jack,Minijacks Tech,5.75,4.6,1.15,1.15
27393,Express Emotion 4K Another Lv.21,stamina,Jumpstream Tech,3.25,2.6,0.65,0.65
27534,Puppet Nightmare 4K MX Lv.24,stamina,Jumpstream Tech,4.75,3.4,1.35,1.35
27540,上海紅茶館 ～ Chinese Tea Orchid Remix 4K EXHAUST Lv.26,stamina,Jumpstream Tech,4.75,4.2,0.55,0.55
27883,TRICKL4SH 220 4K Trick or Treat Lv.18,stamina,Jumpstream Tech,2.64,3.2,-0.56,0.56
27962,TRICKL4SH 220 4K Halloween Twins Sisters Lv.28,stamina,Jumpstream Tech,5.75,4.6,1.15,1.15
28107,More One Night (Assertive Hardcore Bootleg) 4K Exztra Lv.25,speed,Jumpstream Tech,4.75,3.6,1.15,1.15
28153,More One Night (Assertive Hardcore Bootleg) 4K Hardz Lv.19,stamina,Jumpstream,3.18,1,2.18,2.18
30079,Mazare Party 4K Party!! Lv.26,stamina,Handstream Tech,4.75,4.2,0.55,0.55
30286,Splatter Doll 4K Hard Lv.26,stamina,Jumpstream Tech,4.75,5.4,-0.65,0.65
30306,The Sampling Paradise 4K Another Lv.25,stamina,Jumpstream,4.75,4,0.75,0.75
30365,Lemuria 4K Hyperborea lv.25,stamina,Jumpstream Tech,4.75,4.4,0.35,0.35
30408,The Sampling Paradise 4K Hyper Lv.19,speed,Minitrills,3.18,1.6,1.58,1.58
30451,絶対よい子のエトセトラ 4K MX Lv.25,stamina,Jumpstream,4.75,4.8,-0.05,0.05
30634,Lemuria 4K Mauritia lv.9,speed,Minitrills Tech,-0.78,2.6,-3.38,3.38
31293,東方妖々夢 ULTIMATE MEDLEY 4K EXHAUST Lv.29,stamina,Jumpstream,5.8,5.4,0.4,0.4
31304,NEO GRAVITY 4K MAXIMUM Lv.29,jack,Jumpstream Tech,5.8,5.4,0.4,0.4
31392,ENERGY SYNERGY MATRIX 4K Hyper Lv.18,stamina,Jumpstream Tech,2.64,1.4,1.24,1.24
31393,ENERGY SYNERGY MATRIX 4K Another Lv.23,stamina,Jumpstream,4.06,3.8,0.26,0.26
31394,ENERGY SYNERGY MATRIX 4K Extra Lv.27,stamina,Jumpstream,5.75,4.6,1.15,1.15
31443,光射す澪のユズリハ 4K MAXIMUM Lv.28,jack,Longjacks Tech,5.75,6,-0.25,0.25
31467,光射す澪のユズリハ 4K EXHAUST Lv.24,speed,Jumpstream Tech,4.75,2.8,1.95,1.95
31636,MARENOL 4K Insane Lv.28,speed,Jumpstream,5.75,5.4,0.35,0.35
31962,Precious You 4K Hyper Lv.12,stamina,Jumpstream Tech,-0.21,1,-1.21,1.21
32013,Nyx -Fatal arousal of Madness- 4K Hard Lv.22,speed,Minitrills,3.41,3.6,-0.19,0.19
32614,Gravitation 4K Insane Lv.24,stamina,Jumpstream,4.75,3.8,0.95,0.95
32669,Teo Lamberti 4K HYPER Lv.22,speed,Minitrills Tech,3.41,4.6,-1.19,1.19
33135,Fuyuujou-Living City#E6BBAD- 4K Another Lv.27,speed,Jumpstream Tech,5.75,5.2,0.55,0.55
33274,NEO GRAVITY 4K EXHAUST Lv.26,stamina,Jumptrill,4.75,4.2,0.55,0.55
33453,Skyward 4K MASTER Lv.25,stamina,Jumpstream Tech,4.75,4.4,0.35,0.35
33505,Skyward 4K HARD Lv.18,stamina,Jumpstream,2.64,2.4,0.24,0.24
33574,NINJA IS DEAD IIDX ver. 4K Black Another Lv.29,stamina,Jumpstream,5.8,5.2,0.6,0.6
33620,R.I.P. 4K Another Lv.25,speed,Stream,4.75,4.4,0.35,0.35
33623,Flashdance 4K Another Lv.26,stamina,Jumptrill Tech,4.75,4.2,0.55,0.55
33681,Horangpungnyuga 4K MX Lv.25,stamina,Jumpstream,4.75,4,0.75,0.75
33941,GOODWORLD 4K WORLDANOTHER Lv.27,stamina,Jumpstream,5.75,3.8,1.95,1.95
34725,東方妖々夢 ULTIMATE MEDLEY 4K ADVANCED Lv.22,stamina,Jumpstream,3.41,2.6,0.81,0.81
35900,Tsukikage SASURAI 4K 3A Lv.23,stamina,Jumpstream,4.06,2.6,1.46,1.46
35907,Heart Attack 4K Normal Lv.17,speed,Minitrills,2.11,1,1.11,1.11
35908,Heart Attack 4K Hard Lv.23,stamina,Jumpstream,4.06,2.6,1.46,1.46
36221,Excalibur ~Revived resolution~ 4K MX Lv.26,stamina,Jumpstream Tech,4.75,4,0.75,0.75
36295,Coquette 4K MX Lv.27,stamina,Jumpstream,5.75,6,-0.25,0.25
36385,Coquette 4K HD Lv.20,speed,Minitrills,3.25,3.6,-0.35,0.35
36462,ΣmbryØ 4K MAXIMUM Lv.30,stamina,Jumpstream,6.37,7.2,-0.83,0.83
36478,GOODRAGE 4K Insane Lv.29,stamina,Jumpstream Tech,5.8,6,-0.2,0.2
36597,BLUFF 4K Hard Lv.24,speed,Minitrills Tech,4.75,3.4,1.35,1.35
36630,チカっとチカ千花っ♡ 4K Normal Lv.13,stamina,Jumpstream Tech,-0.02,1,-1.02,1.02
36686,Adjudicatorz-断罪- 4K Hyper Lv.19,speed,Jumpstream,3.18,1.4,1.78,1.78
36706,GOODTEK(Hyper Edit) 4K MASTER Lv.28,stamina,Jumptrill,5.75,6,-0.25,0.25
36714,粉骨砕身カジノゥ 4K HARD Lv.19,stamina,Jumpstream,3.18,1.8,1.38,1.38
36715,粉骨砕身カジノゥ 4K MASTER Lv.27,stamina,Jumpstream Tech,5.75,5,0.75,0.75
36736,Daydream 4K Fantasy Lv.26,speed,Jumpstream Tech,4.75,4.6,0.15,0.15
36853,Crocus 4K Easy Lv.4,speed,Trills Tech,-1.74,2.6,-4.34,4.34
36854,Crocus 4K Normal Lv.13,speed,Minitrills Tech,-0.02,2,-2.02,2.02
37163,Venomous Firefly 4K EXHAUST Lv.27,speed,Minitrills Tech,5.75,5.4,0.35,0.35
37182,Gift box 4K HARD Lv.18,speed,Minitrills Tech,2.64,3,-0.36,0.36
37183,Gift box 4K MASTER Lv.27,stamina,Jumpstream Tech,5.75,4.8,0.95,0.95
37190,天下トーイツ A to Z☆ 4K A to Z Lv.20,stamina,Jumpstream Tech,3.25,1,2.25,2.25
37236,Miracle Hinacle 4K Another Lv.17,stamina,Jumpstream,2.11,1,1.11,1.11
37380,WE ARE HARDCORE 4K Insane Lv.27,stamina,Handstream,5.75,5.4,0.35,0.35
37381,WE ARE HARDCORE 4K Hard Lv.23,stamina,Jumpstream Tech,4.06,3.4,0.66,0.66
37383,Higan Kikou-idling mix- 4K Another Lv.30,stamina,Jumpstream,6.37,5.4,0.97,0.97
37384,Higan Kikou-idling mix- 4K Hyper Lv.23,speed,Minitrills Tech,4.06,3,1.06,1.06
37584,rainbow 4K Colorful Lv.26,speed,Jumpstream Tech,4.75,4.4,0.35,0.35
37783,Gigantic Saga 4K Maximum Lv.21,stamina,Jumpstream Tech,3.25,1,2.25,2.25
37864,Pure Ruby 4K Lustre Lv.28,stamina,Jumpstream,5.75,5.2,0.55,0.55
37865,Crocus 4K Maximum Lv.21,speed,Chordjacks,3.25,1.2,2.05,2.05
38023,Mushrooms 4K Hard Lv.21,speed,Jumpstream Tech,3.25,1.2,2.05,2.05
38034,Daydream 4K Maximum Lv.24,stamina,Jumpstream Tech,4.75,3.6,1.15,1.15
38074,Absolute Domination 4K EXHAUST Lv.26,stamina,Jumpstream Tech,4.75,6.2,-1.45,1.45
38075,Absolute Domination 4K MAXIMUM Lv.32,stamina,Jumpstream,7.75,9.6,-1.85,1.85
38103,Gone with the Beat 4K Maximum Lv.27,speed,Minitrills Tech,5.75,5.2,0.55,0.55
38135,Nyx -Fatal arousal of Madness- 4K Normal Lv.15,speed,Minitrills Tech,1.03,1,0.03,0.03
38322,Dynasty 4K EZ Lv.10,speed,Rolls,-0.59,1.6,-2.19,2.19
38323,Dynasty 4K NM Lv.15,stamina,Jumpstream,1.03,1,0.03,0.03
38324,Dynasty 4K HD Lv.20,stamina,Jumpstream Tech,3.25,3.4,-0.15,0.15
38325,Dynasty 4K EX Lv.25,stamina,Jumpstream Tech,4.75,4.4,0.35,0.35
38391,Surf Zapping 4K TECHNICAL Lv.27,stamina,Jumpstream,5.75,6,-0.25,0.25
38437,Alexandrite 4K Hard Lv.23,speed,Minitrills Tech,4.06,4.6,-0.54,0.54
38455,Surf Zapping 4K HARD Lv.19,stamina,Jumpstream Tech,3.18,3.2,-0.02,0.02
38464,Fuyuujou-Living City#E6BBAD- 4K Hyper Lv.23,stamina,Jumpstream Tech,4.06,3.6,0.46,0.46
38470,Fuyuujou-Living City#E6BBAD- 4K Normal Lv.16,speed,Minitrills Tech,1.57,1,0.57,0.57
38516,冥 4K Another Lv.31,speed,Jumpstream,7.75,6,1.75,1.75
38619,ANiMA 4K Hard Lv.23,speed,Rolls,4.06,2.6,1.46,1.46
38620,ANiMA 4K Extra Lv.26,speed,Jumpstream Tech,4.75,4.2,0.55,0.55
38686,Glitter Flatter Scatter 4K EXTREME Lv.28,stamina,Jumpstream Tech,5.75,5.2,0.55,0.55
38687,Glitter Flatter Scatter 4K ADVANCED Lv.19,speed,Minitrills Tech,3.18,1.4,1.78,1.78
38919,Accident 4K Normal Lv.17,speed,Minitrills Tech,2.11,1,1.11,1.11
38939,冥 4K Easy Lv.8,speed,Minitrills Tech,-0.97,2.4,-3.37,3.37
38978,冥 4K Hard Lv.21,speed,Rolls,3.25,3,0.25,0.25
38983,Reimei 4K Another Lv.25,stamina,Jumpstream,4.75,2.6,2.15,2.15
38984,Reimei 4K Hyper Lv.18,speed,Minitrills Tech,2.64,1.6,1.04,1.04
39020,Etude -Sunset- 4K Hyper Lv.19,speed,Jumpstream Tech,3.18,1.2,1.98,1.98
39045,Rude Buster 4K Hard Lv.20,speed,Minitrills Tech,3.25,1,2.25,2.25
39129,snow storm -euphoria- 4K EXHAUST Lv.27,speed,Jumpstream Tech,5.75,4.8,0.95,0.95
39197,天下トーイツ A to Z☆ 4K Easy Lv.6,speed,Rolls Tech,-1.35,2.6,-3.95,3.95
39211,Mazare Party 4K Another Lv.24,stamina,Handstream Tech,4.75,4.4,0.35,0.35
39212,Mazare Party 4K Insane Lv.29,stamina,Jumpstream,5.8,6.2,-0.4,0.4
39224,Firestorm 4K Hard Lv.22,speed,Jumpstream Tech,3.41,3.6,-0.19,0.19
39362,Rebellio 4K Ga.NOTHER Lv.32,jack,Jumpstream,7.75,7.4,0.35,0.35
39479,Nevermind 4K Hard Lv.25,speed,Minitrills,4.75,3.6,1.15,1.15
39716,GOODWORLD 4K Hyper Lv.20,speed,Minitrills,3.25,3.2,0.05,0.05
39730,Sterelogue 4K AlterEgo Lv.26,speed,Minitrills,4.75,4.4,0.35,0.35
39737,ouroboros ‐twin stroke of the end‐ 4K Hard Lv.21,speed,Minitrills Tech,3.25,2.4,0.85,0.85
39738,ouroboros ‐twin stroke of the end‐ 4K Insane Lv.27,stamina,Jumpstream Tech,5.75,5,0.75,0.75
39804,Rebellio 4K Yuzuki's Extra Lv.30,stamina,Jumpstream,6.37,6.4,-0.03,0.03
39806,Imprinting 4K Normal Lv.16,speed,Minitrills Tech,1.57,1,0.57,0.57
39807,Imprinting 4K Hard Lv.24,stamina,Jumpstream,4.75,3.6,1.15,1.15
39909,Sterelogue 4K Hyper Lv.19,speed,Minitrills Tech,3.18,2.4,0.78,0.78
39939,Alexandrite 4K Normal Lv.19,speed,Minitrills,3.18,3.4,-0.22,0.22
39968,I'm so Happy 4K EXTREME Lv.26,stamina,Handstream Tech,4.75,4.2,0.55,0.55
39969,I'm so Happy 4K BASIC Lv.8,speed,Minitrills,-0.97,1.2,-2.17,2.17
39970,I'm so Happy 4K ADVANCE Lv.18,stamina,Jumpstream Tech,2.64,1,1.64,1.64
40020,GOODWORLD 4K GOODANOTHER Lv.25,stamina,Jumptrill Tech,4.75,4.4,0.35,0.35
40111,Dreadnought 4K Another Lv.26,stamina,Jumpstream Tech,4.75,5.4,-0.65,0.65
40161,Absolute Future 4K Insane Lv.30,stamina,Jumpstream,6.37,6.2,0.17,0.17
40163,Absolute Future 4K Hard Lv.23,speed,Jumpstream Tech,4.06,3.6,0.46,0.46
40310,Sterelogue 4K Another Lv.23,speed,Minitrills,4.06,4,0.06,0.06
40333,WHITEOUT 4K EXHAUST Lv.22,speed,Rolls,3.41,2.8,0.61,0.61
40334,WHITEOUT 4K MAXIMUM Lv.27,stamina,Jumpstream Tech,5.75,5,0.75,0.75
40355,FIRE BIRD 4K Yakitori Lv.22,stamina,Jumpstream,3.41,4,-0.59,0.59
40751,REVOLVER 4K ADVANCED Lv.18,stamina,Jumpstream Tech,2.64,2.8,-0.16,0.16
40752,REVOLVER 4K EXHAUST Lv.29,stamina,Jumpstream,5.8,4.6,1.2,1.2
41271,ReviXy 4K Another Lv.28,stamina,Jumpstream Tech,5.75,4.2,1.55,1.55
41379,More One Night (Assertive Hardcore Bootleg) 4K Extra Time (Long Ver.) Lv.24,stamina,Jumpstream Tech,4.75,4.2,0.55,0.55
41380,More One Night (Assertive Hardcore Bootleg) 4K Last Tour (Long Ver.) Lv.27,stamina,Jumpstream,5.75,5,0.75,0.75
41394,Cryonix 4K Maximum Lv.26,speed,Jumpstream,4.75,4.6,0.15,0.15
41756,Palette 4K paper Lv.28,stamina,Jumpstream,5.75,7.4,-1.65,1.65
41757,Palette 4K MX Lv.27,speed,Jumpstream,5.75,6,-0.25,0.25
41758,Palette 4K HD Lv.18,speed,Minitrills,2.64,2.8,-0.16,0.16
41835,Bad Elixir 4K Black Another Lv.28,stamina,Jumpstream Tech,5.75,5,0.75,0.75
41898,Vampired 4K Hard Lv.21,speed,Jumpstream Tech,3.25,3.4,-0.15,0.15
41972,Bad Elixir 4K Another Lv.24,speed,Minitrills,4.75,4.2,0.55,0.55
42074,Calamity Fortune 4K Hyper Lv.19,stamina,Jumpstream Tech,3.18,3.4,-0.22,0.22
42270,Fly Like You 4K EXHAUST Lv.23,speed,Minitrills Tech,4.06,1.6,2.46,2.46
42271,Fly Like You 4K MAXIMUM Lv.28,speed,Minitrills,5.75,5.8,-0.05,0.05
42444,the EmpEror 4K Extra Lv.30,stamina,Jumpstream,6.37,7.2,-0.83,0.83
42556,PANDORA PARADOXXX 4K Hard Lv.29,speed,Trills,5.8,5.4,0.4,0.4
42690,Chronomia 4K Hard Lv.23,stamina,Jumpstream,4.06,3.4,0.66,0.66
42729,WE ARE HARDCORE 4K Another Lv.27,speed,Handstream Tech,5.75,5.2,0.55,0.55
42830,Chronomia 4K Tick-Tock Lv.29,speed,Jumpstream,5.8,7,-1.2,1.2
42852,The Mountain Eater 4K Hard Lv.20,speed,Jumpstream,3.25,1.4,1.85,1.85
42868,Inverse World 4K Hard Lv.25,speed,Minitrills,4.75,3.4,1.35,1.35
42870,Inverse World 4K Insane Lv.27,stamina,Jumpstream Tech,5.75,5.4,0.35,0.35
42942,Destiny 4K ADVANCED Lv.19,speed,Minitrills,3.18,1,2.18,2.18
42944,Destiny 4K MAXIMUM Lv.28,speed,Handstream Tech,5.75,6.2,-0.45,0.45
43048,snow storm -euphoria- 4K ADVANCED Lv.17,stamina,Jumpstream,2.11,2,0.11,0.11
43063,Bad Elixir 4K Reality Lv.30,stamina,Jumpstream,6.37,6.2,0.17,0.17
43126,WHITEOUT 4K Extra Lv.29,speed,Minitrills,5.8,6.4,-0.6,0.6
43199,Meteorize 4K Hard Lv.19,speed,Minitrills,3.18,2.4,0.78,0.78
43305,Unshakable 4K Maximum Lv.19,stamina,Jumpstream Tech,3.18,1,2.18,2.18
43327,BLACK or WHITE_ 4K EXHAUST Lv.23,speed,Minitrills Tech,4.06,2.8,1.26,1.26
43328,BLACK or WHITE_ 4K GRAVITY Lv.28,stamina,Jumpstream Tech,5.75,5,0.75,0.75
43389,サクラあっぱれーしょん 4K Another Lv.19,stamina,Jumpstream Tech,3.18,1,2.18,2.18
43390,サクラあっぱれーしょん 4K Normal Lv.9,speed,Minitrills Tech,-0.78,1.2,-1.98,1.98
43392,ORCA 4K MX Lv.25,stamina,Jumpstream Tech,4.75,4.4,0.35,0.35
43432,Dreadnought 4K Black Another Lv.29,stamina,Handstream Tech,5.8,5.6,0.2,0.2
43484,隔絶≡タナトス 4K Insane Lv.28,stamina,Jumpstream Tech,5.75,5.4,0.35,0.35
43595,孤独≒エゴイズム 4K Insane Lv.25,stamina,Jumpstream Tech,4.75,4.6,0.15,0.15
43998,Lights of Muse 4K MASTER Lv.28,stamina,Jumpstream,5.75,4.6,1.15,1.15
44048,GOODWORLD 4K Bad Lv.23,stamina,Jumpstream Tech,4.06,2.6,1.46,1.46
44102,Obliteration 4K Normal Lv.15,speed,Minitrills Tech,1.03,1.6,-0.57,0.57
44103,Obliteration 4K Maximum Lv.25,stamina,Jumpstream Tech,4.75,2.6,2.15,2.15
44131,Leonids 4K Insane Lv.28,speed,Minitrills Tech,5.75,7.2,-1.45,1.45
44133,Leonids 4K Hyper Lv.17,speed,Minitrills Tech,2.11,2.4,-0.29,0.29
44202,ZABANIYA 4K Another Lv.27,stamina,Jumpstream,5.75,4,1.75,1.75
44291,World Vanquisher 4K World's End Lv.27,speed,Jumpstream,5.75,4.6,1.15,1.15
44392,Confiserie 4K EXTREME Lv.29,stamina,Jumpstream,5.8,5.4,0.4,0.4
44493,Veritas 4K Extra Lv.24,stamina,Jumpstream Tech,4.75,3.8,0.95,0.95
44497,Veritas 4K Hard Lv.18,speed,Minitrills Tech,2.64,2.4,0.24,0.24
44515,ZABANIYA 4K Hyper Lv.19,stamina,Jumpstream,3.18,1,2.18,2.18
44583,GOODWORLD 4K Worst Lv.27,stamina,Jumpstream,5.75,4,1.75,1.75
45164,FIRE BIRD 4K Phoenix (Long Ver.) Lv.25,stamina,Jumpstream,4.75,3.8,0.95,0.95
45167,FIRE BIRD 4K Normal Lv.16,speed,Minitrills Tech,1.57,1,0.57,0.57
45186,Dancing Furies 4K Lunatic Lv.24,speed,Minitrills,4.75,4.4,0.35,0.35
45187,Dancing Furies 4K Hard Lv.17,speed,Minitrills,2.11,1,1.11,1.11
45436,conflict 4K Another Lv.25,speed,Minitrills Tech,4.75,3.6,1.15,1.15
45437,conflict 4K EX Lv.28,stamina,Jumpstream,5.75,5.8,-0.05,0.05
45455,Confiserie 4K ADVANCED Lv.19,speed,Minitrills Tech,3.18,1.2,1.98,1.98
45485,雪女 4K GRAVITY Lv.29,stamina,Jumpstream,5.8,4.8,1.0,1.0
45585,Six the shadow ark 4K Hard Lv.25,stamina,Jumpstream Tech,4.75,5.8,-1.05,1.05
45589,Shadow is the Light 4K Normal Lv.17,stamina,Jumpstream Tech,2.11,1.8,0.31,0.31
45709,Doll's Garden 4K Normal Lv.13,speed,Minitrills Tech,-0.02,2.6,-2.62,2.62
45719,Standby For Action 4K 2B Lv.23,jack,Jacks,4.06,3.4,0.66,0.66
45722,Kurokami Midareshi Shura to Narite 4K 3B Lv.23,stamina,Jumpstream Tech,4.06,1.4,2.66,2.66
45798,Hadron Kollider 4K Hard Lv.22,speed,Minitrills,3.41,3.4,0.01,0.01
45799,Hadron Kollider 4K Normal Lv.18,speed,Minitrills Tech,2.64,2.2,0.44,0.44
45822,Kurokami Midareshi Shura to Narite 4K Hyper Lv.15,speed,Jumpstream,1.03,1,0.03,0.03
45882,the EmpErorR 4K Hard Lv.27,speed,Minitrills,5.75,4.6,1.15,1.15
45883,the EmpErroR 4K Normal Lv.18,speed,Jumptrill,2.64,1,1.64,1.64
45887,Nameless Missionary 4K Hyper Lv.26,speed,Minitrills,4.75,4.8,-0.05,0.05
45888,Nameless Missionary 4K Another Lv.30,speed,Jumptrill,6.37,6,0.37,0.37
45897,Angel dust 4K Normal Lv.19,speed,Jumptrill,3.18,2.8,0.38,0.38
45929,御千手メディテーション 4K SPECIAL Lv.28,stamina,Jumpstream Tech,5.75,6,-0.25,0.25
45949,Mare Nectaris 4K Hyper Lv.24,speed,Jumpstream Tech,4.75,4.6,0.15,0.15
45995,Mare Nectaris 4K Another Lv.31,stamina,Jumptrill Tech,7.75,7.4,0.35,0.35
46256,夢、幻。 4K Hard Lv.21,speed,Rolls Tech,3.25,2.2,1.05,1.05
46257,夢、幻。 4K Extra Lv.26,stamina,Jumpstream Tech,4.75,4.4,0.35,0.35
46274,ニニ 4K Hyper Lv.22,speed,Jumpstream Tech,3.41,2.8,0.61,0.61
46275,ニニ 4K Another Lv.27,stamina,Jumpstream,5.75,4.6,1.15,1.15
46278,Lilac 4K Another Lv.27,stamina,Jumpstream Tech,5.75,4.2,1.55,1.55
46332,Last Fortune 4K MX Lv.24,stamina,Jumpstream Tech,4.75,2.4,2.35,2.35
46342,Vampired 4K Insane Lv.23,stamina,Jumpstream Tech,4.06,2.8,1.26,1.26
46432,Shadow is the Light 4K Hard Lv.22,stamina,Jumpstream Tech,3.41,2.4,1.01,1.01
46839,望影の方舟Six 4K Insane Lv.31,stamina,Jumptrill Tech,7.75,7.6,0.15,0.15
46858,狂喜蘭舞 4K MASTER Lv.27,stamina,Jumpstream Tech,5.75,4.4,1.35,1.35
46999,Stasis 4K Insane Lv.26,speed,Jumpstream,4.75,4.8,-0.05,0.05
47014,Double Agent 4K Maximum Lv.27,stamina,Handstream Tech,5.75,4,1.75,1.75
47129,承認欲Q 4K Extreme Lv.27,stamina,Jumpstream,5.75,4.8,0.95,0.95
47189,Sakura Fubuki 4K Another Lv.27,speed,Minitrills Tech,5.75,5.2,0.55,0.55
47308,Stasis 4K Hard Lv.22,speed,Jumpstream Tech,3.41,3.6,-0.19,0.19
47409,承認欲Q 4K Hard Lv.24,stamina,Jumpstream,4.75,4.4,0.35,0.35
47541,承認欲Q 4K Extra Lv.29,stamina,Jumpstream,5.8,6.4,-0.6,0.6
47628,承認欲Q 4K Normal Lv.16,speed,Minitrills,1.57,2.6,-1.03,1.03
47636,Amor De Verao 4K Quatro Lv.27,jack,Minijacks Tech,5.75,5.4,0.35,0.35
47666,Post-script 4K Wish Lv.10,speed,Jumpstream Tech,-0.59,1.2,-1.79,1.79
47697,Amor De Verao 4K Tres Lv.22,stamina,Jumpstream Tech,3.41,2.8,0.61,0.61
47772,8bit Adventurer 4K Another Lv.28,ln,Shield,5.75,4.4,1.35,1.35
47784,Last Fortune 4K HD Lv.16,stamina,Jumpstream Tech,1.57,1,0.57,0.57
47787,Apsaras 4K Sky Lv.29,stamina,Jumpstream,5.8,6.4,-0.6,0.6
47819,LIGHTFALL 4K Hard Lv.19,speed,Minitrills Tech,3.18,1.6,1.58,1.58
48044,Daiuchuu stage 4K ADVANCED Lv.20,speed,Rolls,3.25,2.6,0.65,0.65
48116,ΣmbryØ 4K EXHAUST Lv.26,speed,Jumpstream Tech,4.75,4.6,0.15,0.15
48143,perditus†paradisus 4K Black Another Lv.31,stamina,Jumpstream,7.75,6.8,0.95,0.95
48208,Stasis 4K Challenge Lv.28,stamina,Jumpstream,5.75,5.4,0.35,0.35
48213,Hyper Magic 4K Easy Lv.8,speed,Minitrills Tech,-0.97,2.6,-3.57,3.57
48216,Hyper Magic 4K Hard Lv.23,speed,Minitrills,4.06,3.4,0.66,0.66
48260,Hyper Magic 4K Extra Lv.28,stamina,Jumpstream,5.75,4.6,1.15,1.15
48449,opaque 4K Hard Lv.23,stamina,Jumpstream Tech,4.06,4,0.06,0.06
48450,opaque 4K Divine Lv.30,jack,Jumpstream,6.37,6,0.37,0.37
48565,perditus†paradisus 4K Another Lv.26,stamina,Jumpstream Tech,4.75,4,0.75,0.75
48627,炉心融解 4K Normal Lv.11,speed,Minitrills Tech,-0.4,2.6,-3.0,3.0
48756,Fastest Crash 4K Another Lv.30,stamina,Jumpstream,6.37,7.4,-1.03,1.03
48782,Fastest Crash 4K Hyper Lv.25,stamina,Jumpstream Tech,4.75,4.4,0.35,0.35
48841,PANDORA PARADOXXX 4K Normal Lv.24,stamina,Jumpstream Tech,4.75,4.6,0.15,0.15
48870,Apsaras 4K Hard Lv.24,stamina,Jumpstream,4.75,3,1.75,1.75
48895,Apsaras 4K Normal Lv.16,speed,Minitrills,1.57,1,0.57,0.57
48981,Amnehilesie 4K Black Another Lv.32,stamina,Jumpstream,7.75,8.6,-0.85,0.85
49054,Amnehilesie 4K Another Lv.27,stamina,Jumpstream Tech,5.75,5.2,0.55,0.55
49438,perditus†paradisus 4K Hyper Lv.21,speed,Minitrills,3.25,3.4,-0.15,0.15
49470,Angelic Sphere 4K Whisper Lv.8,speed,Minitrills Tech,-0.97,2.6,-3.57,3.57
49495,Amnehilesie 4K Hyper Lv.23,stamina,Jumpstream,4.06,3.2,0.86,0.86
49648,Southern Cross 2011 4K Extreme Lv.23,speed,Minitrills,4.06,4.2,-0.14,0.14
49742,Koiuta Shippuu! Karuta Queen Iroha 4K MX Lv.26,stamina,Jumpstream Tech,4.75,4.2,0.55,0.55
49782,Crimson Nightingle 4K Insane Lv.27,stamina,Jumpstream Tech,5.75,5.4,0.35,0.35
49836,Gott 4K EXHAUST Lv.24,speed,Minitrills,4.75,4.6,0.15,0.15
49869,恋歌疾風！かるたクイーンいろは 4K HD Lv.17,speed,Jumpstream Tech,2.11,1,1.11,1.11
49970,Awaking Beat-From the next generation- 4K Another Lv.27,stamina,Split Trill Tech,5.75,4,1.75,1.75
49975,Krave 4K Another Lv.27,stamina,Jumpstream Tech,5.75,4.6,1.15,1.15
50065,Alice in Misanthrope -厭世アリス- 4K Hyper Lv.20,jack,Chordjacks,3.25,1,2.25,2.25
50098,Alice in Misanthrope -厭世アリス- 4K Another Lv.28,stamina,Jumptrill,5.75,4.6,1.15,1.15
50099,Crimson Nightingle 4K Normal Lv.15,stamina,Jumpstream,1.03,1,0.03,0.03
50336,Viden 4K HARD Lv.22,speed,Minitrills,3.41,1.6,1.81,1.81
50337,Viden 4K MEDIUM Lv.15,speed,Minitrills Tech,1.03,2,-0.97,0.97
50338,Viden 4K BASIC Lv.7,speed,Minitrills Tech,-1.16,2.6,-3.76,3.76
50487,Re_incRnaTiØN ～夕焼ケ世界ノ決別ヲ～ 4K Afterglow Lv.32,stamina,Jumpstream,7.75,7.4,0.35,0.35
50897,孤独≒エゴイズム 4K Hard Lv.21,stamina,Jumpstream Tech,3.25,3,0.25,0.25
50918,隔絶≡タナトス 4K Extra (Long Ver.) Lv.33,stamina,Jumpstream,7.75,9.6,-1.85,1.85
50998,Ascension to Heaven 4K Another Lv.24,speed,Minitrills,4.75,4.4,0.35,0.35
50999,Ascension to Heaven 4K Black Another Lv.29,speed,Jumpstream,5.8,6.2,-0.4,0.4
51023,勾指起誓（Cover. ilem） 4K Medium Lv.12,speed,Minitrills Tech,-0.21,1,-1.21,1.21
51046,Lilac 4K Hyper Lv.21,speed,Minitrills Tech,3.25,3,0.25,0.25
51055,Splatter Doll 4K Normal Lv.17,speed,Jumpstream,2.11,1.2,0.91,0.91
51280,Disorder 4K Glitch Lv.27,stamina,Jumpstream Tech,5.75,5.2,0.55,0.55
51294,Disorder 4K Chaos Lv.20,speed,Minitrills Tech,3.25,3.4,-0.15,0.15
51299,Mousou Express (Furby@NineMusez Remix) 4K Koi (Long Ver.) Lv.24,stamina,Jumpstream,4.75,2.8,1.95,1.95
51305,ON FIRE 4K EXHAUST Lv.24,stamina,Jumpstream Tech,4.75,2.6,2.15,2.15
51339,Re_incRnaTiØN ～夕焼ケ世界ノ決別ヲ～ 4K Chaos Lv.27,stamina,Jumpstream Tech,5.75,5.4,0.35,0.35
51368,Mousou Express (Furby@NineMusez Remix) 4K Insane Lv.22,stamina,Jumpstream,3.41,3.2,0.21,0.21
51374,Mousou Express (Furby@NineMusez Remix) 4K Hard Lv.16,stamina,Jumpstream Tech,1.57,1,0.57,0.57
51392,Disorder 4K Fuzzy Lv.15,speed,Jumpstream Tech,1.03,1,0.03,0.03
51658,voltississimo 4K VIVID Lv.28,stamina,Jumpstream Tech,5.75,4.8,0.95,0.95
51785,The Big Black 4K Hard Lv.23,speed,Jumpstream,4.06,4.6,-0.54,0.54
51859,Punai Punai Taisou 4K Another Lv.27,stamina,Jumpstream Tech,5.75,5.4,0.35,0.35
51922,Daiuchuu stage 4K GRAVITY Lv.28,speed,Jumpstream Tech,5.75,5.4,0.35,0.35
51995,Punai Punai Taisou 4K Hyper Lv.21,stamina,Jumpstream Tech,3.25,3.2,0.05,0.05
52000,Punai Punai Taisou 4K Normal Lv.17,stamina,Jumpstream Tech,2.11,2.6,-0.49,0.49
52051,プナイプナイせんそう 4K Another Lv.27,stamina,Jumpstream,5.75,7.2,-1.45,1.45
52086,月あかりFAIRY TALE 4K Another Lv.22,stamina,Jumpstream,3.41,2.6,0.81,0.81
52087,Punai Punai Sensou 4K Hyper Lv.22,stamina,Jumpstream Tech,3.41,3.4,0.01,0.01
52113,Punai Punai Gensou ~gonin no heikosekai kara kitateru yamatachiga sekai wo sukuu!_ Punai Punai in Wonderland~ 4K Another,stamina,Jumpstream Tech,5.75,5.8,-0.05,0.05
52183,Aurora 4K Ray Lv.25,stamina,Jumpstream Tech,4.75,4.4,0.35,0.35
52192,Punai Punai Gensou ~gonin no heikosekai kara kitateru yamatachiga sekai wo sukuu!_ Punai Punai in Wonderland~ 4K Hyper L,stamina,Jumpstream,3.41,4.6,-1.19,1.19
52212,Altale 4K Lunar Lv.23,stamina,Minitrills,4.06,3.6,0.46,0.46
52259,Renegade Fruits 4K GRAVITY Lv.31,stamina,Jumpstream Tech,7.75,7.4,0.35,0.35
52280,Renegade Fruits 4K EXHAUST Lv.24,stamina,Jumpstream,4.75,4.2,0.55,0.55
52392,#The_Relentless 4K Another Lv.27,stamina,Jumpstream,5.75,4.8,0.95,0.95
52393,#The_Relentless 4K Hyper Lv.17,stamina,Jumpstream Tech,2.11,2.6,-0.49,0.49
52441,#The_Relentless 4K Normal Lv.8,stamina,Jumpstream Tech,-0.97,1.4,-2.37,2.37
52471,Oriens 4K EZ Lv.5,speed,Minitrills Tech,-1.54,2.6,-4.14,4.14
52508,WE ARE GO (short ver.) 4K Hard Lv.15,jack,Minijacks Tech,1.03,2,-0.97,0.97
52552,dorchadas 4K Another Lv.17,stamina,Jumpstream Tech,2.11,1,1.11,1.11
52581,"Hello, Morning 4K Hard Lv.25",jack,Minijacks Tech,4.75,4.2,0.55,0.55
52981,Speedrun 4K Rush Lv.27,stamina,Jumpstream Tech,5.75,4.8,0.95,0.95
53174,ゴゴゴゴごらく部 4K 4 Lv.28,ln,Coordination,5.75,5.2,0.55,0.55
53214,FREEDOM DiVE↓ 4K Hard Lv.22,speed,Minitrills Tech,3.41,3.4,0.01,0.01
53241,overcomplexification 4K ADVANCE Lv.19,speed,Jumpstream Tech,3.18,2.6,0.58,0.58
53242,overcomplexification 4K EXTREME Lv.29,speed,Jumpstream Tech,5.8,5.4,0.4,0.4
53425,ゴゴゴゴごらく部 4K 3 Lv.24,stamina,Jumpstream Tech,4.75,4,0.75,0.75
53595,Speedrun 4K Lightspeed Lv.29,stamina,Jumpstream,5.8,6,-0.2,0.2
53666,Daiuchuu stage 4K EXHAUST Lv.25,stamina,Jumpstream Tech,4.75,5.4,-0.65,0.65
53950,SCREW__owo__SCREW 4K Another Lv.31,jack,Minijacks,7.75,6.8,0.95,0.95
54015,SCREW__owo__SCREW 4K Normal Lv.22,jack,Chordjacks Tech,3.41,2.6,0.81,0.81
54018,SCREW__owo__SCREW 4K Hyper Lv.27,stamina,Jumpstream Tech,5.75,4.6,1.15,1.15
54072,Krave 4K Hyper Lv.18,stamina,Jumpstream Tech,2.64,2.6,0.04,0.04
54217,PEACE BREAKER 4K Devastation Lv.30,jack,Jumpstream Tech,6.37,7.2,-0.83,0.83
54224,PEACE BREAKER 4K Insane Lv.28,stamina,Jumpstream Tech,5.75,5.4,0.35,0.35
54399,Rush-More 4K Another Lv.27,stamina,Jumpstream,5.75,4,1.75,1.75
54723,TEmPTaTiON 4K Another Lv.27,speed,Jumpstream,5.75,4,1.75,1.75
54790,The 89's Momentum 4K MASTER Lv.21,stamina,Jumpstream Tech,3.25,1,2.25,2.25
54951,croiX 4K EXTREME Lv.28,stamina,Jumpstream Tech,5.75,5,0.75,0.75
54966,_ Crow Solace _ 4K Claidheamh Lv.30,stamina,Jumpstream,6.37,7.4,-1.03,1.03
54968,_ Crow Solace _ 4K Extra Lv.26,speed,Jumpstream Tech,4.75,5.2,-0.45,0.45
54969,_ Crow Solace _ 4K Avalon’s Another Lv.23,stamina,Jumpstream Tech,4.06,4.2,-0.14,0.14
55010,croiX 4K EXHAUST Lv.24,stamina,Jumpstream Tech,4.75,4.4,0.35,0.35
55013,Xiorc 4K Glitch Lv.27,stamina,Jumpstream,5.75,5.4,0.35,0.35
55288,Glitch Nerds 4K Another Lv.28,stamina,Jumpstream Tech,5.75,5.4,0.35,0.35
55346,Chrome VOX 4K Hyper Lv.17,speed,Minitrills Tech,2.11,1,1.11,1.11
55407,Chrome VOX 4K Another Lv.27,stamina,Jumpstream Tech,5.75,5.2,0.55,0.55
55546,TEmPTaTiON 4K Hyper Lv.21,speed,Minitrills Tech,3.25,3.2,0.05,0.05
55733,ごまかし 4K Normal Lv.12,speed,Jumpstream Tech,-0.21,1.6,-1.81,1.81
55953,BATTLE NO.1 4K Special Lv.30,stamina,Jumpstream,6.37,6,0.37,0.37
55973,Illusion of Fixity 4K Hard Lv.17,speed,Minitrills Tech,2.11,1,1.11,1.11
55974,Illusion of Fixity 4K Maximum Lv.28,stamina,Jumpstream,5.75,4.4,1.35,1.35
55978,Pico_2 Funkoter☆ 4K Maximum Lv.29,stamina,Jumpstream Tech,5.8,5,0.8,0.8
55985,Kakitsubata 4K Maximum Lv.26,speed,Minitrills Tech,4.75,4.2,0.55,0.55
55987,BATTLE NO.1 4K Future Lv.24,stamina,Jumpstream Tech,4.75,3,1.75,1.75
55990,Shadow Tripper 4K Maximum Lv.27,stamina,Handstream Tech,5.75,4.6,1.15,1.15
55998,Xrocus 4K Hard Lv.19,speed,Minitrills Tech,3.18,2.2,0.98,0.98
55999,Xrocus 4K Maximum Lv.28,stamina,Jumpstream Tech,5.75,5.4,0.35,0.35
56222,Hanagoyomi 4K Hanather Lv.18,speed,Jumpstream,2.64,1.4,1.24,1.24
56223,Hanagoyomi 4K Hyper Lv.14,speed,Minitrills Tech,0.49,1,-0.51,0.51
56296,BRAVE GLOW 4K Another Lv.24,stamina,Jumpstream Tech,4.75,2.6,2.15,2.15
56333,Ultimate Ascension 4K ADVANCED Lv.19,speed,Jumpstream Tech,3.18,1,2.18,2.18
56334,Ultimate Ascension 4K EXHAUST Lv.24,speed,Minitrills Tech,4.75,3.6,1.15,1.15
56335,Ultimate Ascension 4K GRAVITY Lv.28,stamina,Jumpstream Tech,5.75,5.4,0.35,0.35
56383,EVERLASTING HAPPiNESS↑ 4K Hyper Lv.23,speed,Jumpstream Tech,4.06,3.4,0.66,0.66
56384,EVERLASTING HAPPiNESS↑ 4K Another Lv.31,stamina,Jumpstream,7.75,8.6,-0.85,0.85
56403,8bit Voyager 4K Adventure Lv.27,stamina,Jumpstream,5.75,4.8,0.95,0.95
56529,Garakuta Doll Play 4K MASTER Lv.27,stamina,Jumpstream Tech,5.75,4.6,1.15,1.15
56531,Garakuta Doll Play 4K EXPERT Lv.23,speed,Jumpstream,4.06,3.4,0.66,0.66
56590,MEGALOVANIA (Camellia Remix) 4K Hyper Lv.23,jack,Jumpstream,4.06,3.6,0.46,0.46
56709,Crack Traxxxx 4K EXHAUST Lv.26,speed,Density,4.75,4,0.75,0.75
56710,Crack Traxxxx 4K ADVANCED Lv.17,speed,Jumpstream Tech,2.11,1.4,0.71,0.71
57056,Quo Vadis 4K Insane Lv.23,stamina,Jumpstream Tech,4.06,2.6,1.46,1.46
57231,QZKago Requiem 4K ADVANCED Lv.18,speed,Jumpstream Tech,2.64,2.6,0.04,0.04
57300,Apocaliptix 4K Nightmare Lv.29,speed,Jumpstream Tech,5.8,5.2,0.6,0.6
57344,Suki Tokimeki to Kiss 4K MAXIMUM Lv.29,stamina,Jumptrill,5.8,5.8,0.0,0.0
57680,PF flowing 4K Hard Lv.20,speed,Minitrills Tech,3.25,1,2.25,2.25
57762,Sweet Rain 4K EXTREME Lv.25,stamina,Jumpstream Tech,4.75,3.4,1.35,1.35
57788,Sweet Rain 4K BASIC Lv.9,speed,Minitrills Tech,-0.78,2.6,-3.38,3.38
58438,QZKago Requiem 4K MASTER Lv.27,stamina,Jumpstream,5.75,5.8,-0.05,0.05
58442,モノノケ・イン・ザ・フィクション 4K Hard Lv.22,stamina,Jumpstream Tech,3.41,3.6,-0.19,0.19
58570,QZKago Requiem 4K Re_MASTER Lv.31,stamina,Jumpstream Tech,7.75,7.2,0.55,0.55
58676,Galactic System 4K Hard Lv.26,stamina,Jumpstream,4.75,4,0.75,0.75
58677,Galactic System 4K Normal Lv.17,speed,Minitrills,2.11,1,1.11,1.11
59009,666 4K ADVANCED Lv.19,speed,Minitrills Tech,3.18,3.2,-0.02,0.02
59010,666 4K EXHAUST Lv.26,speed,Minitrills Tech,4.75,4.4,0.35,0.35
59011,666 4K MAXIMUM Lv.31,jack,Minijacks,7.75,10.2,-2.45,2.45
59547,Lagrangian Point O 4K Hard-1C Lv.25,speed,Minitrills,4.75,3.8,0.95,0.95
59551,Lagrangian Point O 4K Hard-1G Lv.27,speed,Jumpstream Tech,5.75,5,0.75,0.75
59564,Wagamama Manifest 4K Another-3A Lv.25,speed,Jumpstream Tech,4.75,4.4,0.35,0.35
59566,Wagamama Manifest 4K Another-3C Lv.27,speed,Jumpstream Tech,5.75,4.4,1.35,1.35
59569,Wagamama Manifest 4K Another-3F Lv.24,speed,Jumpstream Tech,4.75,2.6,2.15,2.15
59862,Wizdomiot 4K Hard Lv.20,speed,Rolls,3.25,2.6,0.65,0.65
59927,Mandragora 4K Another Lv.28,stamina,Jumpstream Tech,5.75,4.2,1.55,1.55
60203,PF flowing 4K Insane Lv.26,stamina,Jumpstream,4.75,2.4,2.35,2.35
60547,Hate The Most 4K Extreme Lv.26,stamina,Jumpstream,4.75,4.6,0.15,0.15
60754,Hate The Most 4K Hard Lv.17,stamina,Jumpstream,2.11,2.6,-0.49,0.49
60922,Fervidex 4K NORMAL Lv. 7,speed,Minitrills Tech,-1.16,2.6,-3.76,3.76
60923,Fervidex 4K HYPER Lv. 16,speed,Minitrills,1.57,2.6,-1.03,1.03
60924,Fervidex 4K ANOTHER Lv. 21,speed,Jumpstream,3.25,3.4,-0.15,0.15
60936,Blue Zenith 4K Normal Lv.16,speed,Minitrills,1.57,1.6,-0.03,0.03
60937,Blue Zenith 4K Hyper Lv.25,speed,Minitrills,4.75,4.4,0.35,0.35
60939,Blue Zenith 4K Another Lv.30,stamina,Jumpstream,6.37,7.4,-1.03,1.03
61020,Ten Thousand Tons of Anonymous Letters 4K HD Lv.22,stamina,Split Trill,3.41,1.8,1.61,1.61
61023,Ten Thousand Tons of Anonymous Letters 4K NM Lv.16,stamina,Jumpstream Tech,1.57,1,0.57,0.57
61161,pique 4K MAXIMUM Lv.27,stamina,Jumpstream Tech,5.75,4.6,1.15,1.15
61275,ETERNAL DRAIN 4K Another Lv.26,stamina,Jumpstream,4.75,4.6,0.15,0.15
61276,ETERNAL DRAIN 4K Hyper Lv.22,speed,Minitrills,3.41,1.2,2.21,2.21
61368,pique 4K EXHAUST Lv.22,stamina,Jumpstream Tech,3.41,2.6,0.81,0.81
61710,天火明命 4K MASTER Lv.25,speed,Jumpstream Tech,4.75,2.6,2.15,2.15
61813,quantum jump 4K Hyper Lv.10,speed,Stream,-0.59,1.4,-1.99,1.99
61892,Iro o ushinatta Machi 4K MX Lv.27,speed,Jumpstream Tech,5.75,5.4,0.35,0.35
62144,SEPIA 4K Hard Lv.22,speed,Jumpstream Tech,3.41,2.6,0.81,0.81
62193,Never Escape 4K Hard Lv.22,speed,Minitrills Tech,3.41,2.8,0.61,0.61
62468,光の道標 4K Normal Lv.7,stamina,Jumpstream Tech,-1.16,1.8,-2.96,2.96
63044,アムピト♢﻿リーテー 4K Expert Lv.27,speed,Minitrills Tech,5.75,5.2,0.55,0.55
63233,アムピト♢﻿リーテー 4K Hard Lv.21,speed,Minitrills Tech,3.25,1.6,1.65,1.65
63325,GOODFORTUNE 4K Another Lv.28,stamina,Jumpstream,5.75,4.8,0.95,0.95
63922,Joyeuse 4K VIVID Lv.27,speed,Jumpstream,5.75,7.2,-1.45,1.45
64902,そして紫の幻想曲は全てを受け入れる 4K EXHAUST Lv.25,stamina,Jumpstream Tech,4.75,3.6,1.15,1.15
65004,voltississimo 4K ADVANCED Lv.18,stamina,Jumpstream Tech,2.64,3.4,-0.76,0.76
65120,魔方陣 ‐サモン・デルタ‐ 4K Normal Lv.19,stamina,Jumpstream Tech,3.18,1,2.18,2.18
65176,Climax 4K Master Lv.27,ln,Jumpstream Tech,5.75,4,1.75,1.75
65368,そして紫の幻想曲は全てを受け入れる 4K ADVANCED Lv.18,speed,Jumpstream Tech,2.64,2.4,0.24,0.24
66345,Armageddon 4K Another Lv.27,stamina,Jumpstream Tech,5.75,4.4,1.35,1.35
66836,プレインエイジア (MRM REMIX) 4K EXHAUST Lv.27,stamina,Jumpstream Tech,5.75,4.6,1.15,1.15
66917,Astronomia(美國空軍 a.k.a Daily Mix) 4K ADVANCED Lv.18,stamina,Jumpstream,2.64,1,1.64,1.64
67008,CENSORED!! 4K Insane Lv.27,stamina,Jumpstream Tech,5.75,5,0.75,0.75
67036,CENSORED!! 4K Hard Lv.24,stamina,Jumpstream Tech,4.75,4.4,0.35,0.35
67083,Cataraxir 4K Hard Lv.25,stamina,Jumpstream Tech,4.75,3.6,1.15,1.15
67087,Cataraxir 4K Divine Lv.30,speed,Jumpstream,6.37,5.2,1.17,1.17
67139,好きトキメキとキス 4K EXHAUST Lv.25,stamina,Handstream,4.75,2.6,2.15,2.15
67598,つるぺったん 4K Hyper Lv.13,speed,Minitrills Tech,-0.02,1,-1.02,1.02
67823,MEGALOVANIA (Camellia Remix) 4K Another Lv.31,stamina,Jumpstream,7.75,6.6,1.15,1.15
68827,Quartz 4K Divine Lv.28,speed,Jumpstream,5.75,5.2,0.55,0.55
68936,Chinese Restaurant 4K Insane Lv.26,stamina,Jumpstream Tech,4.75,4.2,0.55,0.55
70010,1F√ 4K Hard Lv.21,speed,Minitrills,3.25,1,2.25,2.25
70625,Brain Power 4K Divine Lv.25,stamina,Jumpstream Tech,4.75,4.4,0.35,0.35
70627,Brain Power 4K Extra Lv.20,speed,Minitrills Tech,3.25,1.8,1.45,1.45
70908,Vividly Impromptu 4K Easy Lv.9,speed,Minitrills Tech,-0.78,2.6,-3.38,3.38
70920,Vividly Impromptu 4K Normal Lv.18,stamina,Jumpstream,2.64,1,1.64,1.64
70926,Grayed Out-Antifront- 4K Black Another Lv.26,stamina,Jumptrill,4.75,4.8,-0.05,0.05
71405,Neo-Aspect 4K Normal Lv.16,speed,Jumpstream,1.57,1,0.57,0.57
71502,Hazukashigariya no Toy Soldier 4K Toybox Lv.25,stamina,Jumpstream,4.75,4.6,0.15,0.15
71525,Everlasting Message 4K MAXIMUM Lv.23,stamina,Jumpstream,4.06,3.6,0.46,0.46
71900,TRIGGER★HAPPY 4K EXHAUST Lv.26,stamina,Jumpstream Tech,4.75,4.6,0.15,0.15
72065,Himiko 4K Hyper Lv.23,speed,Split Trill Tech,4.06,4.2,-0.14,0.14
72261,卑弥呼 4K Another(Nerf ver.) Lv.30,speed,Jumpstream,6.37,6,0.37,0.37
72334,未完成 START 4K Re_ Start! Lv.22,stamina,Jumpstream Tech,3.41,2,1.41,1.41
72506,Towards The Horizon 4K HARD Lv.26,speed,Jumpstream,4.75,4.6,0.15,0.15
73746,Neo-Aspect 4K Apex Lv.23,stamina,Jumpstream,4.06,2.6,1.46,1.46
74110,Elemental Creation (kamome sano Remix) 4K 3C Lv.26,speed,Minitrills Tech,4.75,4.4,0.35,0.35
74117,Elemental Creation (kamome sano Remix) 4K 3J Lv.27,speed,Minitrills Tech,5.75,4.2,1.55,1.55
74126,"Hana to, Yuki to, Drum'n'bass. 4K 2E Lv.25",stamina,Jumpstream Tech,4.75,4,0.75,0.75
74129,"Hana to, Yuki to, Drum'n'bass. 4K 2H Lv.22",stamina,Jumpstream Tech,3.41,2.8,0.61,0.61
74215,Daiyamondo no jundo 4K Normal Lv.13,stamina,Jumpstream Tech,-0.02,1.6,-1.62,1.62
74255,Necroxis Girl 4K Another Lv.26,stamina,Jumpstream,4.75,4.6,0.15,0.15
74409,Emulisy 4K Another Lv.27,stamina,Jumpstream,5.75,4.8,0.95,0.95
74411,Emulisy 4K Hyper Lv.21,speed,Minitrills Tech,3.25,3,0.25,0.25
74591,Eine Haube ～聖地の果てにあるもの～ 4K Another Lv.22,stamina,Jumpstream Tech,3.41,2.6,0.81,0.81
74669,Eine Haube ～聖地の果てにあるもの～ 4K Hyper Lv.17,speed,Minitrills Tech,2.11,1.2,0.91,0.91
74691,Eine Haube ～聖地の果てにあるもの～ 4K Normal Lv.9,speed,Minitrills Tech,-0.78,2.6,-3.38,3.38
74704,AKASHIC BREAK 4K Normal Lv.14,speed,Minitrills Tech,0.49,2,-1.51,1.51
74711,AKASHIC BREAK 4K Hyper Lv.23,stamina,Jumpstream Tech,4.06,3.2,0.86,0.86
74755,AKASHIC BREAK 4K Another Lv.27,speed,Jumpstream Tech,5.75,4.2,1.55,1.55
74770,AKASHIC BREAK 4K Beginner Lv.7,speed,Minitrills Tech,-1.16,2.6,-3.76,3.76
75048,VVelcome!! 4K MAXIMUM Lv.36,stamina,Jumpstream,9.04,9.8,-0.76,0.76
75362,ワルツ第17番 ト短調_大犬のワルツ_ 4K MX Lv.27,speed,Jumpstream Tech,5.75,4.8,0.95,0.95
75523,ワルツ第17番 ト短調_大犬のワルツ_ 4K HD Lv.17,speed,Minitrills Tech,2.11,1.8,0.31,0.31
75627,Elemental Creation (kamome sano Remix) 4K Hard+ Lv.19,speed,Minitrills Tech,3.18,3.6,-0.42,0.42
75976,Carmina 4K Leggendaria Lv.31,stamina,Jumpstream,7.75,7.4,0.35,0.35
75978,Carmina 4K Hyper Lv.23,speed,Minitrills,4.06,3.6,0.46,0.46
76005,Carmina 4K Another Lv.27,stamina,Jumpstream Tech,5.75,4.8,0.95,0.95
76088,Aleph-0 4K Expert Lv.27,speed,Minitrills,5.75,5.6,0.15,0.15
76309,Daydream cafe 4K Hyper Lv.16,stamina,Jumpstream Tech,1.57,1,0.57,0.57
76412,Silly Love 4K Another Lv.21,stamina,Jumpstream Tech,3.25,1.6,1.65,1.65
76470,Spirit's Ancestor 4K Another Lv.25,stamina,Minijacks Tech,4.75,4.4,0.35,0.35
76471,Spirit's Ancestor 4K Hyper Lv.16,speed,Minitrills Tech,1.57,1,0.57,0.57
76512,Quartz 4K Hard Lv.24,speed,Minitrills,4.75,3,1.75,1.75
76631,Silly Love 4K Hyper Lv.16,speed,Minitrills Tech,1.57,1,0.57,0.57
76925,Nothing but Theory 4K Another Lv.23,stamina,Jumpstream Tech,4.06,2.6,1.46,1.46
77399,Replica 4K Reproduction Lv.26,stamina,Jumpstream,4.75,5,-0.25,0.25
77638,Nothing but Theory 4K Hyper Lv.16,speed,Minitrills Tech,1.57,1,0.57,0.57
77647,Nothing but Theory 4K Normal Lv.7,speed,Minitrills Tech,-1.16,2.4,-3.56,3.56
77792,Black MInD 4K Signature Lv.23,speed,Minitrills Tech,4.06,2.6,1.46,1.46
78122,幻影舞踏師 4K Another Lv.24,speed,Minitrills Tech,4.75,3.6,1.15,1.15
78525,Krave 4K Insane Lv.26,stamina,Jumpstream Tech,4.75,3.8,0.95,0.95
78587,小籠包 4K Signature Lv.23,stamina,Jumpstream Tech,4.06,2.6,1.46,1.46
78805,Back Out 4K Maximum Lv.24,stamina,Jumpstream Tech,4.75,4.2,0.55,0.55
79101,Static State 4K Another Lv.25,stamina,Jumpstream Tech,4.75,3.8,0.95,0.95
79111,Grin 4K Smile Lv.25,speed,Minitrills Tech,4.75,2.6,2.15,2.15
79169,DOGMA 4K Insane Lv.24,speed,Jumpstream Tech,4.75,2.6,2.15,2.15
79177,op.31 叙情 4K Another Lv.23,speed,Jumpstream Tech,4.06,2.6,1.46,1.46
79278,100.01% 4K Hard Lv.27,stamina,Jumpstream,5.75,5.4,0.35,0.35
79279,100.01% 4K Normal Lv.22,stamina,Jumpstream Tech,3.41,3.4,0.01,0.01
79655,Grin 4K Normal Lv.16,speed,Minitrills,1.57,1.2,0.37,0.37
79670,狂水一華 4K Another Lv.27,stamina,Jumpstream,5.75,3.8,1.95,1.95
80089,JANUS 4K Signature Lv.22,speed,Minitrills,3.41,3,0.41,0.41
80313,Απομνημονευμαι 4K Another Lv.23,stamina,Jumpstream,4.06,3.8,0.26,0.26
80314,Απομνημονευμαι 4K Hyper Lv.15,speed,Jumpstream,1.03,1,0.03,0.03
80315,Απομνημονευμαι 4K Normal Lv.8,speed,Minitrills Tech,-0.97,2.4,-3.37,3.37
80455,Stellaria 4K Stella Lv.32,stamina,Jumpstream,7.75,7.4,0.35,0.35
80508,Bliss 4K Normql Lv.6,speed,Minitrills Tech,-1.35,2.6,-3.95,3.95
80510,Bliss 4K Jyper Lv.14,stamina,Jumpstream Tech,0.49,1,-0.51,0.51
80549,Bliss 4K Anotjer Lv.22,stamina,Jumpstream Tech,3.41,1,2.41,2.41
80824,NightTheater 4K Another (Keysound) Lv.24,stamina,Jumpstream Tech,4.75,2.6,2.15,2.15
80977,Traveler ~stand aloof~ 4K Hyper Lv.24,stamina,Jumpstream Tech,4.75,3.6,1.15,1.15
80978,Traveler ~stand aloof~ 4K Another Lv.29,speed,Jumpstream Tech,5.8,6.2,-0.4,0.4
80979,Traveler ~stand aloof~ 4K Normal Lv.17,speed,Minitrills Tech,2.11,1.4,0.71,0.71
81282,†_OLPHEUX_† 4K MAXIMAM Lv.32,stamina,Jumpstream Tech,7.75,7.2,0.55,0.55
81752,Be With U 4K MX Lv.23,speed,Jumpstream,4.06,3.4,0.66,0.66
81963,†_OLPHEUX_† 4K EXHAUST Lv.27,speed,Jumpstream Tech,5.75,4.6,1.15,1.15
82092,†_OLPHEUX_† 4K ADVANCED Lv.19,speed,Minitrills Tech,3.18,2.4,0.78,0.78
82155,禊 4K Another Lv.21,speed,Jumpstream Tech,3.25,2.6,0.65,0.65
82182,Yum Yum Sweetie 4K MAXIMUM Lv.24,stamina,Jumpstream Tech,4.75,2.6,2.15,2.15
82202,Yum Yum Sweetie 4K EXHAUST Lv.18,speed,Minitrills Tech,2.64,1.6,1.04,1.04
82874,Kreuz 4K Another Lv.25,speed,Jumpstream Tech,4.75,4.2,0.55,0.55
82875,Kreuz 4K Hyper Lv.21,speed,Minitrills,3.25,2.6,0.65,0.65
82876,Kreuz 4K Normal Lv.17,speed,Minitrills Tech,2.11,2.6,-0.49,0.49
82886,蟲の棲む処 4K Another Lv.26,stamina,Jumpstream Tech,4.75,4.2,0.55,0.55
82903,Black MInD 4K Premium Lv.17,speed,Minitrills Tech,2.11,1,1.11,1.11
82931,Stellaria 4K Another Lv.26,speed,Jumpstream,4.75,4.6,0.15,0.15
83304,Andragoon 4K Master Lv.26,stamina,Jumpstream,4.75,4.4,0.35,0.35
83805,BUCHiGiRE Berserker 4K INFERNO Lv.30,stamina,Jumpstream Tech,6.37,6,0.37,0.37
83940,Stellaria 4K Hyper Lv.23,stamina,Jumpstream,4.06,3.4,0.66,0.66
84199,BUCHiGiRE Berserker 4K EXPERT Lv.26,stamina,Jumpstream Tech,4.75,4.4,0.35,0.35
84759,Galaxy Friends 4K SPEEDCORE GalaxiaN Lv.28,speed,Jumpstream Tech,5.75,7.2,-1.45,1.45
84760,Galaxy Friends 4K Expert Lv.24,speed,Minitrills Tech,4.75,4.2,0.55,0.55
84836,Cutter 4K Another Lv.28,stamina,Jumpstream Tech,5.75,4.6,1.15,1.15
85411,Exitium 4K EXILE Lv.36,stamina,Jumpstream Tech,9.04,9.8,-0.76,0.76
85443,Garakuta Doll Play 4K Re_MASTER Lv.29,speed,Jumpstream,5.8,6,-0.2,0.2
86233,Cleopatrysm 4K Another Lv.27,stamina,Jumpstream Tech,5.75,5.2,0.55,0.55
86398,焔極OVERKILL 4K Another Lv.32,stamina,Jumpstream Tech,7.75,6.2,1.55,1.55
86495,VVelcome!! 4K EXHAUST Lv.26,stamina,Jumpstream,4.75,4.4,0.35,0.35
86496,VVelcome!! 4K EXTRA Lv.32,stamina,Jumpstream,7.75,7.2,0.55,0.55
86540,Exitium 4K EXPERT Lv.24,stamina,Jumpstream,4.75,3.6,1.15,1.15
86602,Seventeen Feels 4K MX Lv.24,speed,Rolls Tech,4.75,3,1.75,1.75
86618,焔極OVERKILL 4K Hyper Lv.27,stamina,Jumpstream Tech,5.75,4.4,1.35,1.35
86619,焔極OVERKILL 4K Normal Lv.17,speed,Trills Tech,2.11,1,1.11,1.11
86718,Imperial 4K Another Lv.27,speed,Jumpstream Tech,5.75,4.6,1.15,1.15
86719,Exitium 4K INFERNO Lv.32,stamina,Jumpstream Tech,7.75,7,0.75,0.75
86816,Imperial 4K Hyper Lv.22,speed,Jumpstream,3.41,2.6,0.81,0.81
86821,Imperial 4K Normal Lv.17,speed,Minitrills Tech,2.11,1.8,0.31,0.31
87266,irregulyze 4K 3K Lv.21,stamina,Jumpstream Tech,3.25,1,2.25,2.25
87271,irregulyze 4K 3F Lv.22,speed,Jumpstream Tech,3.41,1,2.41,2.41
87279,LUV CAN SAVE U 4K 2H Lv.19,stamina,Jumpstream Tech,3.18,1,2.18,2.18
87645,CO5M1C R4ILR0AD 4K Insane Lv.27,stamina,Jumpstream,5.75,4,1.75,1.75
87658,Eden 4K Another Lv.22,stamina,Jumpstream,3.41,3.4,0.01,0.01
88418,Partenza 4K Normal Lv.16,speed,Minitrills Tech,1.57,1.4,0.17,0.17
88419,Partenza 4K Easy Lv.8,speed,Minitrills Tech,-0.97,2,-2.97,2.97
88420,Partenza 4K Hard Lv.21,stamina,Jumpstream,3.25,2.6,0.65,0.65
88847,INF-B《L-aste-R》 4K VIVID Lv.31,speed,Jumpstream,7.75,6,1.75,1.75
88851,INF-B《L-aste-R》 4K MAXIMUM Lv.28,stamina,Jumpstream,5.75,6,-0.25,0.25
88857,INF-B《L-aste-R》 4K EXHAUST Lv.25,speed,Jumpstream Tech,4.75,4.4,0.35,0.35
88865,INF-B《L-aste-R》 4K ADVANCED Lv.20,speed,Minitrills Tech,3.25,1.4,1.85,1.85
88981,宿星審判 4K Another Lv.26,speed,Jumpstream,4.75,5.2,-0.45,0.45
88982,宿星審判 4K Hyper Lv.22,speed,Rolls,3.41,3,0.41,0.41
89102,Wizdomiot 4K Insane Lv.26,speed,Minitrills,4.75,5,-0.25,0.25
89103,Wizdomiot 4K Lunatic Lv.32,stamina,Jumpstream,7.75,6.2,1.55,1.55
89245,ファイナルレター 4K EXHAUST Lv.24,stamina,Jumpstream Tech,4.75,4.4,0.35,0.35
89726,刃図羅 4K Another Lv.26,stamina,Jumpstream,4.75,4,0.75,0.75
89771,刃図羅 4K Hyper Lv.20,speed,Minitrills,3.25,2.2,1.05,1.05
90855,For Ulysses feat. Risa Yuzuki 4K Hyper Lv.18,speed,Minitrills,2.64,2.2,0.44,0.44
90856,For Ulysses feat. Risa Yuzuki 4K Another Lv.27,speed,Jumpstream Tech,5.75,4,1.75,1.75
91003,Titania 4K MASTER Lv.31,stamina,Jumpstream Tech,7.75,6.4,1.35,1.35
91007,Titania 4K EXPERT Lv.26,speed,Jumpstream Tech,4.75,3.8,0.95,0.95
91009,Titania 4K ADVANCED Lv.17,speed,Minitrills Tech,2.11,1.4,0.71,0.71
91726,rambling pleat 4K Easy Lv.7,speed,Minitrills Tech,-1.16,2.6,-3.76,3.76
91728,rambling pleat 4K Dohna Lv.23,stamina,Jumpstream Tech,4.06,3,1.06,1.06
92109,Creamy Sugary OVERDRIVE!!! 4K Half Sugar Lv.18,speed,Minitrills Tech,2.64,2.2,0.44,0.44
92110,Creamy Sugary OVERDRIVE!!! 4K Regular Sugar Lv.26,stamina,Jumpstream Tech,4.75,4.2,0.55,0.55
92111,Creamy Sugary OVERDRIVE!!! 4K Extra Sugar Lv.31,stamina,Jumpstream,7.75,5.2,2.55,2.55
92414,POLꞰAMAИIA 4K Another Lv.27,stamina,Jumpstream Tech,5.75,6,-0.25,0.25
92890,Vividly Impromptu 4K Expert Lv.27,stamina,Jumpstream,5.75,4,1.75,1.75
94389,Edel Lilie 4K Normal Lv.7,speed,Minitrills Tech,-1.16,1.8,-2.96,2.96
94911,EMERALDAS 4K Another Lv.27,stamina,Jumpstream,5.75,4.8,0.95,0.95
94973,EMERALDAS 4K Hyper Lv.23,speed,Jumpstream Tech,4.06,1.6,2.46,2.46
97180,ジョーカー・ジュンコ ～ 永遠の純化 4K Another Lv.26,stamina,Jumpstream Tech,4.75,4,0.75,0.75
97188,Vividly Impromptu 4K Hard Lv.23,stamina,Jumpstream Tech,4.06,2.6,1.46,1.46
97194,ジョーカー・ジュンコ ～ 永遠の純化 4K Beginner Lv.8,speed,Minitrills Tech,-0.97,2.6,-3.57,3.57
98357,WONDER_WOBBLER 4K MAXIMUM Lv.26,speed,Jumpstream Tech,4.75,4.2,0.55,0.55
98697,FUJIN Rumble 4K Shucchou Coatser Lv.23,speed,Minitrills Tech,4.06,3.4,0.66,0.66
98989,六兆年と一夜物語 4K Expert Lv.28,speed,Jumpstream,5.75,4.8,0.95,0.95
99079,六兆年と一夜物語 4K Hard Lv.23,speed,Minitrills Tech,4.06,2.2,1.86,1.86
99359,XODUS 4K HIDDEN Lv.30,stamina,Jumptrill,6.37,6,0.37,0.37
99360,XODUS 4K MASTER Lv.25,speed,Minitrills Tech,4.75,4.4,0.35,0.35
99361,XODUS 4K HARD Lv.18,speed,Minitrills Tech,2.64,3.4,-0.76,0.76
99467,Six trillion years and overnight story 4K EXHAUST Lv.28,stamina,Jumptrill,5.75,6,-0.25,0.25
99471,POLꞰAMAИIA 4K MX Lv.27,stamina,Jumpstream Tech,5.75,5,0.75,0.75
99901,After Dawn 4K INF Lv.25,jack,Gluts,4.75,4.4,0.35,0.35
100297,封焔の135秒 4K MASTER Lv.30,stamina,Jumptrill,6.37,6,0.37,0.37
101444,WONDER_WOBBLER 4K NOVICE Lv.7,speed,Minitrills,-1.16,2.4,-3.56,3.56
101460,WONDER_WOBBLER 4K EXHAUST Lv.22,speed,Minitrills Tech,3.41,3,0.41,0.41
101760,SAMURAI TIGER 4K MAXIMUM Lv.27,stamina,Jumpstream Tech,5.75,4,1.75,1.75
102347,Trrricksters!! 4K MASTER Lv.26,stamina,Jumpstream,4.75,4.2,0.55,0.55
102586,Pale Garden 4K 3K Lv.22,speed,Jumpstream Tech,3.41,2.6,0.81,0.81
102587,Pale Garden 4K 3L Lv.25,stamina,Jumpstream Tech,4.75,4.2,0.55,0.55
102588,Lorikeet ~Flat design~ 4K 2A Lv.23,stamina,Jumpstream,4.06,4.8,-0.74,0.74
102589,Lorikeet ~Flat design~ 4K 2B Lv.27,speed,Jumpstream Tech,5.75,4.4,1.35,1.35
102590,Lorikeet ~Flat design~ 4K 2C Lv.29,stamina,Jumpstream Tech,5.8,5,0.8,0.8
102595,Lorikeet ~Flat design~ 4K 2G Lv.21,stamina,Jumpstream Tech,3.25,4.2,-0.95,0.95
102704,ファイナルレター 4K MAXIMUM Lv.31,speed,Jumpstream Tech,7.75,6.2,1.55,1.55
102734,FlowerNation 4K MAXIMUM Lv.24,stamina,Jumpstream Tech,4.75,4.4,0.35,0.35
103340,夜に駆ける 4K Normal Lv.6,speed,Minitrills Tech,-1.35,2.6,-3.95,3.95
103768,Chewingood!!! 4K Another Lv.24,stamina,Jumpstream,4.75,3.6,1.15,1.15
104467,Fuuen no 135 Byou 4K MASTER Lv.29,stamina,Jumptrill,5.8,5.4,0.4,0.4
104468,封焔の135秒 4K ADVANCED Lv.19,speed,Minitrills Tech,3.18,3,0.18,0.18
104641,Grayed Out-Antifront- 4K Another Lv.22,stamina,Jumpstream Tech,3.41,2.6,0.81,0.81
104751,お約束→ハッピーエンド！ 4K Another Lv.23,stamina,Jumpstream Tech,4.06,3.6,0.46,0.46
104970,ねぇ、壊れタ人形ハ何処へ棄テらレるノ？ 4K ADVANCED Lv.18,speed,Minitrills,2.64,1.8,0.84,0.84
105089,Gimme dreamin’ 4K VIVID Lv.27,stamina,Handstream,5.75,4,1.75,1.75
105325,LAMIA 4K MASTER Lv.31,stamina,Jumptrill,7.75,6,1.75,1.75
105402,LAMIA 4K EXPERT Lv.22,speed,Minitrills,3.41,2.6,0.81,0.81
105505,NightTheater 4K Hyper Lv.21,speed,Jumpstream Tech,3.25,1.8,1.45,1.45
105537,NightTheater 4K Normal Lv.15,speed,Minitrills Tech,1.03,1,0.03,0.03
105591,Celestial Horizon 4K To The Heaven Lv.27,speed,Jumpstream Tech,5.75,4.2,1.55,1.55
105901,Polacro 4K Insane Lv.26,speed,Jumpstream Tech,4.75,3.8,0.95,0.95
106066,Invitation from Mr.C 4K GRAVITY Lv.26,stamina,Jumpstream,4.75,4.6,0.15,0.15
106155,Invitation from Mr.C 4K EXHAUST Lv.22,stamina,Jumpstream,3.41,3.4,0.01,0.01
106177,小籠包 4K Premium Lv.16,speed,Minitrills Tech,1.57,1,0.57,0.57
106324,Polacro 4K Hard Lv.22,speed,Jumpstream Tech,3.41,2.8,0.61,0.61
106645,Vajra 4K HARD Lv.27,speed,Minitrills,5.75,4.4,1.35,1.35
107360,踊 4K Odori Lv.23,stamina,Jumpstream Tech,4.06,2.4,1.66,1.66
107362,ユーフォリアム 4K Another Lv.23,speed,Jumpstream,4.06,3.6,0.46,0.46
107713,ドーパミン 4K Extreme Lv.26,stamina,Jumpstream Tech,4.75,4,0.75,0.75
107902,Placebo Dying 4K HD Lv.25,speed,Minitrills Tech,4.75,4,0.75,0.75
108171,Placebo Dying 4K NM Lv.16,speed,Minitrills Tech,1.57,2.6,-1.03,1.03
108281,《Re_miniscence》 4K EXHAUST Lv.25,speed,Jumpstream Tech,4.75,3.8,0.95,0.95
108397,Seventeen Feels 4K HD Lv.15,speed,Minitrills Tech,1.03,2.4,-1.37,1.37
108501,Reverenced Flower 4K MAXIMUM Lv.33,speed,Jumpstream Tech,7.75,6.4,1.35,1.35
108502,Reverenced Flower 4K EXHAUST Lv.25,speed,Minitrills,4.75,4.6,0.15,0.15
108821,apo_llioth 4K MAXIMUM Lv.27,stamina,Handstream Tech,5.75,4.4,1.35,1.35
109035,The Clowns of 24stairs 4K EXHAUST Lv.25,speed,Jumpstream Tech,4.75,4.2,0.55,0.55
109040,The Clowns of 24stairs 4K ADVANCED Lv.16,speed,Jumpstream Tech,1.57,2,-0.43,0.43
109062,The Clowns of 24stairs 4K MAXIMUM Lv.34,speed,Jumptrill,7.93,7.2,0.73,0.73
109329,X-encounter 4K Hyper Lv.20,stamina,Jumpstream Tech,3.25,1.6,1.65,1.65
109330,X-encounter 4K Another Lv.26,stamina,Jumpstream Tech,4.75,4.6,0.15,0.15
109334,X-encounter 4K Normal Lv.15,speed,Minitrills Tech,1.03,1,0.03,0.03
109468,彼女が告白をした理由 4K HD Lv.17,speed,Minitrills Tech,2.11,1,1.11,1.11
109532,極圏 4K MAXIMUM Lv.30,speed,Jumpstream,6.37,6.2,0.17,0.17
109546,Luminaria 4K Another Lv.31,speed,Jumpstream,7.75,6.4,1.35,1.35
109557,Luminaria 4K Hyper Lv.22,speed,Jumpstream,3.41,3.6,-0.19,0.19
109637,I Want U 4K Hard Lv.24,stamina,Jumpstream,4.75,4.2,0.55,0.55
109663,Kyokuken 4K HEAVENLY Lv.32,ln,Coordination,7.75,6,1.75,1.75
109664,Live Nor Die (Nhato Remix) 4K Another Lv.26,speed,Jumpstream,4.75,4.2,0.55,0.55
109753,Bring Back The Beat 4K Hard Lv.24,speed,Minitrills,4.75,4.4,0.35,0.35
109918,斑咲花 4K Extreme Lv.26,speed,Jumpstream Tech,4.75,4.4,0.35,0.35
110050,Continuous Moment 4K EXHAUST Lv.26,speed,Jumpstream Tech,4.75,4,0.75,0.75
110057,Hirugaeru Tsubasa Oikakete 4K MAXIMUM Lv.34,speed,Jumptrill,7.93,7.4,0.53,0.53
110148,Doll's Garden 4K Hard Lv.21,stamina,Jumpstream Tech,3.25,2.4,0.85,0.85
110154,Retention 4K Hard Lv.16,speed,Minitrills,1.57,1,0.57,0.57
110160,La Campanella 4K Swung Lv.27,stamina,Jumpstream,5.75,4.4,1.35,1.35
110580,[CRYSTAL_ACCESS] 4K Another Lv.26,ln,Coordination,4.75,4.4,0.35,0.35
110630,斑咲花 4K Advanced Lv.18,speed,Jumpstream Tech,2.64,2,0.64,0.64
111035,Hirugaeru Tsubasa Oikakete 4K EXHAUST Lv.28,speed,Jumpstream Tech,5.75,5.4,0.35,0.35
111146,Concvssion 4K Insane Lv.26,stamina,Jumpstream Tech,4.75,4,0.75,0.75
111183,the EmpErroR 4K MASTER Lv.33,speed,Jumpstream,7.75,8.6,-0.85,0.85
111217,祈 -我ら神祖と共に歩む者なり- 4K MASTER Lv.35,stamina,Jumpstream Tech,8.79,7.6,1.19,1.19
111218,祈 -我ら神祖と共に歩む者なり- 4K EXPERT Lv.26,ln,Density,4.75,4,0.75,0.75
111255,Mare Maris 4K boomushroom's Another Lv.26,stamina,Jumpstream Tech,4.75,3.6,1.15,1.15
111483,La Campanella 4K Swang Lv.20,stamina,Jumpstream,3.25,1.8,1.45,1.45
111536,闇夜に舞うは紅の華 4K MAXIMUM Lv.27,stamina,Jumpstream Tech,5.75,4.4,1.35,1.35
111707,Final Step! 4K Hard Lv.18,speed,Jumpstream,2.64,1.4,1.24,1.24
111724,Kuu Ni Naru 4K Normal Lv.12,speed,Minitrills,-0.21,2.2,-2.41,2.41
111729,Chloé 4K NOVICE Lv.7,speed,Minitrills Tech,-1.16,2.6,-3.76,3.76
111938,popcorn 4K MASTER Lv.25,jack,Minitrills,4.75,4.4,0.35,0.35
111983,Staring at star 4K HEAVENLY Lv.35,stamina,Jumpstream Tech,8.79,8.6,0.19,0.19
112083,QSHELL -拒色のシェルル- 4K Hyper Lv.26,stamina,Jumpstream Tech,4.75,5.4,-0.65,0.65
112102,Space battle 4K Normal Lv.16,speed,Minitrills,1.57,1,0.57,0.57
112156,Zirkfied 4K Hyper Lv.18,stamina,Jumpstream Tech,2.64,1,1.64,1.64
112157,Zirkfied 4K Another Lv.24,stamina,Jumpstream,4.75,3.6,1.15,1.15
112158,Zirkfied 4K Black Another Lv.31,stamina,Jumpstream,7.75,7.4,0.35,0.35
112170,極圏 4K EXHAUST Lv.26,speed,Minitrills,4.75,4.4,0.35,0.35
112271,Space battle 4K Easy Lv.9,speed,Minitrills,-0.78,2,-2.78,2.78
112335,Space battle 4K Hard Lv.23,speed,Minitrills Tech,4.06,2.8,1.26,1.26
112458,Staring at star 4K EXHAUST Lv.24,stamina,Jumpstream,4.75,4.2,0.55,0.55
112482,Freefall 4K A01 Lv.26,stamina,Jumpstream Tech,4.75,4.4,0.35,0.35
112948,Kuu Ni Naru 4K Hard Lv.19,stamina,Jumpstream,3.18,1.6,1.58,1.58
113209,徳川カップヌードル禁止令 4K Uma! Lv.26,stamina,Jumpstream Tech,4.75,4,0.75,0.75
113434,Carry Me Away 4K Hard Lv.23,ln,Density,4.06,3.6,0.46,0.46
113435,Carry Me Away 4K Another Lv.27,stamina,Jumpstream,5.75,5,0.75,0.75
113512,Kami 4K INFERNO Lv.30,ln,Jumpstream,6.37,6.4,-0.03,0.03
113808,Staring at star 4K MAXIMUM Lv.30,stamina,Jumpstream Tech,6.37,5.6,0.77,0.77
113815,Hainuwele 4K MASTER Lv.27,stamina,Jumpstream,5.75,5.6,0.15,0.15
113908,ツクヨミステップ 4K Hard Lv.23,stamina,Jumpstream Tech,4.06,3.6,0.46,0.46
113920,MixxioN 4K EXCEED Lv.37,stamina,Jumptrill,10.25,10.2,0.05,0.05
114005,ディスコルディア 4K Hyper Lv.29,stamina,Jumpstream,5.8,7,-1.2,1.2
114006,ディスコルディア 4K Normal Lv.19,speed,Minitrills Tech,3.18,1.6,1.58,1.58
114028,MixxioN 4K EXHAUST Lv.25,speed,Jumpstream,4.75,3.8,0.95,0.95
114037,MixxioN 4K ALTER Lv.35,speed,Minitrills Tech,8.79,9.8,-1.01,1.01
114056,Scaffold 4K Expert Lv.24,speed,Jumpstream,4.75,5,-0.25,0.25
114065,ディスコルディア 4K Another Lv.37,speed,Jumpstream Tech,10.25,10,0.25,0.25
114214,ENDYMION 4K Expert Lv.25,speed,Minitrills,4.75,5.2,-0.45,0.45
114215,ENDYMION 4K Challenge Lv.33,ln,Jumptrill,7.75,6.2,1.55,1.55
114235,Kami 4K HARD+ Lv.22,speed,Minitrills Tech,3.41,3,0.41,0.41
114236,Kami 4K INFERNO+ Lv.32,ln,Jacky WC Tech,7.75,7,0.75,0.75
114239,Kami 4K NORMAL+ Lv.14,speed,Minitrills Tech,0.49,1,-0.51,0.51
114245,La Campanella 4K Swing Lv.16,speed,Minitrills,1.57,1,0.57,0.57
114254,XHRONOXAPSULE 4K XHRONOSTASIS Lv.37,stamina,Jumpstream,10.25,10.2,0.05,0.05
114255,XHRONOXAPSULE 4K MAXIMUM Lv.31,stamina,Jumpstream,7.75,7,0.75,0.75
114256,XHRONOXAPSULE 4K EXHAUST Lv.26,speed,Jumpstream,4.75,4.2,0.55,0.55
114267,無機質世界に彩を 4K 4 Lv.29,speed,Minitrills,5.8,7.2,-1.4,1.4
114306,Another Me 4K Another Lv.29,speed,Handstream Tech,5.8,5.4,0.4,0.4
114415,The Race Around The World 4K Hard Lv.20,stamina,Jumpstream Tech,3.25,2.8,0.45,0.45
114491,Wonderful Escape 4K Another Lv.22,speed,Jumpstream Tech,3.41,2.6,0.81,0.81
114492,Wonderful Escape 4K Hyper Lv.15,speed,Minitrills Tech,1.03,1,0.03,0.03
114531,A Lasting Promise 4K HEAVENLY Lv.33,speed,Minitrills,7.75,8.6,-0.85,0.85
114538,Another Me 4K Hard Lv.24,stamina,Jumpstream,4.75,3.6,1.15,1.15
114675,Arty Party 4K MASTER Lv.27,stamina,Jumpstream Tech,5.75,5,0.75,0.75
114690,Resistance 4K Lunatic Lv.27,speed,Minitrills Tech,5.75,4.6,1.15,1.15
114903,FREEDOM DiVE↓ 4K Another Lv.29,stamina,Jumpstream Tech,5.8,5.4,0.4,0.4
114932,Positive 4K Hard Lv.25,speed,Coordination,4.75,3.4,1.35,1.35
114939,Natural Disasters 4K Hard Lv.27,speed,Minitrills,5.75,6,-0.25,0.25
114940,Natural Disasters 4K Normal Lv.18,speed,Minitrills,2.64,2.4,0.24,0.24
114941,Natural Disasters 4K Easy Lv.10,speed,Minitrills Tech,-0.59,1.8,-2.39,2.39
114957,DEAR MY WAKER 4K Another Lv.18,stamina,Jumpstream Tech,2.64,1,1.64,1.64
114966,DEAR MY WAKER 4K Hyper Lv.12,speed,Minitrills Tech,-0.21,1.6,-1.81,1.81
114979,AstrøNotes. 4K Re_MASTER Lv.31,speed,Jumpstream Tech,7.75,6,1.75,1.75
114980,AstrøNotes. 4K MASTER Lv.26,speed,Jumpstream Tech,4.75,5.4,-0.65,0.65
114981,AstrøNotes. 4K EXPERT Lv.21,speed,Minitrills Tech,3.25,3.6,-0.35,0.35
115016,New Astronomas 4K HD Lv.28,speed,Minitrills,5.75,5.8,-0.05,0.05
115247,AXION 4K Extra Lv.24,speed,Jumpstream,4.75,3.6,1.15,1.15
115283,Danken no Goku 4K Hard Lv.23,speed,Minitrills,4.06,4,0.06,0.06
115285,Danken no Goku 4K Maximum Lv.27,stamina,Jumpstream Tech,5.75,5.2,0.55,0.55
115286,Lemegeton -little key of solomon- 4K MASTER Lv.30,stamina,Jumpstream,6.37,6,0.37,0.37
115350,SINister Evolution 4K Hard Lv.24,speed,Rolls,4.75,4.4,0.35,0.35
115398,Lemegeton -little key of solomon- 4K EXPERT Lv.26,stamina,Jumpstream Tech,4.75,4.2,0.55,0.55
115748,Danza Aestas 4K Another Lv.25,stamina,Jumpstream,4.75,4,0.75,0.75
115771,OUTERHEAVEN 4K MAXIMUM Lv.29,ln,Coordination,5.8,5.4,0.4,0.4
115779,おにけもだんす 4K Expert Lv.23,jack,Chordjacks Tech,4.06,3.6,0.46,0.46
115795,神 4K EXPERT+ Lv.29,ln,Jumpstream Tech,5.8,5.6,0.2,0.2
115815,Colorful Dreams! Colorful Smiles! 4K Normal Lv.14,stamina,Jumpstream Tech,0.49,1.8,-1.31,1.31
115832,Emptiness 4K Hard Lv.30,ln,Jacky WC Tech,6.37,5.8,0.57,0.57
115866,乱膳の舞姫 4K Another Lv.26,stamina,Jumpstream Tech,4.75,4,0.75,0.75
115910,神 4K EXPERT Lv.28,stamina,Jumpstream Tech,5.75,4.6,1.15,1.15
115927,MarbleBlue. 4K Re_MASTER Lv.30,ln,Jumpstream,6.37,6,0.37,0.37
115928,MarbleBlue. 4K MASTER Lv.26,stamina,Jumpstream Tech,4.75,5.2,-0.45,0.45
116004,A Lasting Promise 4K MAXIMUM Lv.29,speed,Stream,5.8,5.6,0.2,0.2
116020,お約束→ハッピーエンド！ 4K Hyper Lv.14,stamina,Jumpstream Tech,0.49,1,-0.51,0.51
116114,AgraiA 4K Hard Lv.22,speed,Minitrills,3.41,3.6,-0.19,0.19
116115,AgraiA 4K Normal Lv.14,stamina,Jumpstream,0.49,1,-0.51,0.51
116220,The Show’s Over 4K Normal Lv.16,speed,Minitrills,1.57,2.2,-0.63,0.63
116221,The Show’s Over 4K Hard Lv.22,speed,Minitrills,3.41,3.6,-0.19,0.19
116222,The Show’s Over 4K Another Lv.28,stamina,Jumpstream,5.75,4.6,1.15,1.15
116346,I Want U 4K Normal Lv.16,speed,Trills Tech,1.57,1,0.57,0.57
116367,FUJIN Rumble 4K Extra Lv.25,stamina,Jumpstream Tech,4.75,4.4,0.35,0.35
116418,TAKEMIKADUCHI 4K Another Lv.25,stamina,Jumpstream Tech,4.75,4.2,0.55,0.55
116426,Möbius 4K Loop Lv.30,speed,Density,6.37,6,0.37,0.37
116491,ANU 4K MASTER Lv.32,speed,Jumpstream,7.75,7.4,0.35,0.35
116492,ANU 4K EXPERT Lv.26,speed,Minitrills Tech,4.75,5.8,-1.05,1.05
116515,AXION 4K Another Lv.25,speed,Jumpstream,4.75,4.4,0.35,0.35
116575,Sennen no Kotowari 4K MX(Biemake with HXJ) Lv.22,stamina,Jumpstream,3.41,3.8,-0.39,0.39
116637,larva 4K RE_MASTER Lv.31,ln,Density,7.75,5.8,1.95,1.95
116678,Continuous Moment 4K _rak_'s MAXIMUM Lv.26,stamina,Jumpstream,4.75,4.4,0.35,0.35
116936,Möbius 4K Extra Lv.33,speed,Coordination,7.75,7.6,0.15,0.15
117088,Tsugai Kogarashi-2019- 4K MX Lv.24,stamina,Jumpstream Tech,4.75,2.8,1.95,1.95
117095,StrayedCatz 4K SPECIAL Lv.31,stamina,Jumpstream,7.75,7,0.75,0.75
117096,StrayedCatz 4K HARD Lv.24,speed,Minitrills,4.75,4.6,0.15,0.15
117110,Parad'ox 4K Expert Lv.23,speed,Density,4.06,1.8,2.26,2.26
117116,Emptiness 4K Hard Lv.27,speed,Jumpstream Tech,5.75,5,0.75,0.75
117159,PUNISHER 4K Another __ Neo Lv.31,jack,Jumpstream,7.75,6,1.75,1.75
117168,Emptiness 4K baigu's Extra Lv.27,ln,Shield,5.75,4.8,0.95,0.95
117263,ピアノ独奏無言歌 _灰燼_ 4K EXCEED Lv.34,speed,Jumpstream,7.93,8,-0.07,0.07
117320,ピアノ独奏無言歌 _灰燼_ 4K EXHAUST Lv.21,speed,Minitrills Tech,3.25,2.4,0.85,0.85
117394,ピアノ独奏無言歌 _灰燼_ 4K MAXIMUM Lv.27,speed,Jumpstream,5.75,4.6,1.15,1.15
117408,Ahoy!! Warera Houshou Kaizokudan_ 4K Expert Lv.23,stamina,Jumpstream,4.06,3.4,0.66,0.66
117442,Spark!e 4K Extreme Lv.28,stamina,Jumpstream,5.75,5.4,0.35,0.35
117507,Yuuyake no Red Parade 4K Master Lv.32,speed,Jumpstream Tech,7.75,6.2,1.55,1.55
117741,Domineer 4K Hard Lv.21,ln,Coordination,3.25,1.4,1.85,1.85
117774,Emptiness 4K Medium Lv.21,speed,Minitrills,3.25,2.8,0.45,0.45
117832,Don't Never Around 4K Insane Lv.26,stamina,Jumpstream Tech,4.75,4,0.75,0.75
117846,Parad'ox 4K kendo's Master Lv.27,ln,Shield,5.75,4,1.75,1.75
117920,Valedict 4K MX Lv.26,speed,Minitrills,4.75,4.6,0.15,0.15
117921,Valedict 4K HD Lv.17,speed,Minitrills Tech,2.11,2,0.11,0.11
117975,keep on running 4K Extra Lv.27,speed,Jumpstream Tech,5.75,4.2,1.55,1.55
117993,Swift Swing 4K Re_MASTER Lv.29,speed,Minitrills Tech,5.8,5.6,0.2,0.2
117998,Swift Swing 4K MASTER Lv.28,speed,Coordination,5.75,4.6,1.15,1.15
118014,Swift Swing 4K EXPERT Lv.23,speed,Minitrills Tech,4.06,3,1.06,1.06
118022,Spark!e 4K Insane Lv.24,stamina,Jumpstream Tech,4.75,4.4,0.35,0.35
118048,「合同火力演習」Battle Theme 4K I Will Be With You Lv.25,ln,Shield,4.75,3.8,0.95,0.95
118054,Anguished Unmaking 4K Hard Lv.22,speed,Jumpstream Tech,3.41,2.6,0.81,0.81
118216,CITRUS MONSTER 4K EXPERT Lv.26,speed,Jumpstream Tech,4.75,4.4,0.35,0.35
118240,NOT YOUR IDOL 4K Hard Lv.25,stamina,Jumpstream Tech,4.75,4.6,0.15,0.15
118350,CITRUS MONSTER 4K ADVANCED Lv.18,speed,Jumpstream Tech,2.64,2.2,0.44,0.44
118368,POTENTIAL 4K MASTER Lv.27,stamina,Jumpstream Tech,5.75,5,0.75,0.75
118382,POTENTIAL 4K ULTIMA Lv.31,stamina,Jumpstream,7.75,6,1.75,1.75
118446,ZEPHYRANTHES 4K EXTREME Lv.29,ln,Coordination,5.8,5.4,0.4,0.4
118447,ZEPHYRANTHES 4K ADVANCED Lv.23,speed,Stream,4.06,4.4,-0.34,0.34
118673,9876734123 4K 3)(7124 Lv.28,stamina,Jumpstream Tech,5.75,7,-1.25,1.25
118787,εxceζ 4K Another Lv.30,stamina,Jumptrill,6.37,6.4,-0.03,0.03
118844,Op.I _fear-TITAN-_ 4K Re_MASTER Lv.33,speed,Coordination,7.75,6.8,0.95,0.95
118861,Op.I _fear-TITAN-_ 4K MASTER Lv.27,speed,Minitrills,5.75,5.2,0.55,0.55
118862,Op.I _fear-TITAN-_ 4K EXPERT Lv.22,speed,Jumpstream Tech,3.41,3.8,-0.39,0.39
119057,MATOI -phase L- 4K Master Lv.27,stamina,Jumpstream Tech,5.75,4.8,0.95,0.95
119061,BabeL ～MODEL DD101〜 4K Hyper Lv.26,speed,Rolls,4.75,4.4,0.35,0.35
119204,Qliphothgear 4K MASTER Lv.28,stamina,Jumpstream Tech,5.75,6,-0.25,0.25
119256,εxceζ 4K Hard Lv.24,speed,Minitrills Tech,4.75,3.6,1.15,1.15
119294,εxceζ 4K Normal Lv.18,speed,Minitrills Tech,2.64,3,-0.36,0.36
119305,Apollo 4K LUNAR ECLIPSE Lv.36,stamina,Coordination,9.04,9.2,-0.16,0.16
119409,終の舞姫 4K GIGA Lv.32,ln,Density,7.75,5.4,2.35,2.35
119448,Clockwork girl 4K Coquelicot Lv.24,stamina,Jumpstream,4.75,2.4,2.35,2.35
119583,BabeL ～MODEL DD101〜 4K EX Lv.33,speed,Split Trill,7.75,7.4,0.35,0.35
119625,終の舞姫 4K MEGA Lv.26,speed,Jumpstream,4.75,3.8,0.95,0.95
119698,Qlifact -another- 4K Another Lv.26,stamina,Jumpstream Tech,4.75,5,-0.25,0.25
119751,Creigis 4K Another Lv.30,stamina,Jumpstream Tech,6.37,7.4,-1.03,1.03
119761,バグ 4K Normal Lv.17,speed,Jumpstream,2.11,1,1.11,1.11
119876,Op.I《fear-TITΛN-》 4K Another Lv.34,ln,Coordination,7.93,7.6,0.33,0.33
119918,光風霽月 4K MAXIMUM Lv.26,stamina,Jumpstream,4.75,4,0.75,0.75
119926,光風霽月 4K EXCEED Lv.27,speed,Trills,5.75,5.6,0.15,0.15
119928,紫陽花 -AZISAI- 4K Another Lv.29,stamina,Jumpstream Tech,5.8,5.4,0.4,0.4
119929,紫陽花 -AZISAI- 4K Hyper Lv.23,speed,Minitrills Tech,4.06,2.8,1.26,1.26
119941,Emulisy 4K Black Another Lv.29,stamina,Jumpstream,5.8,6,-0.2,0.2
119960,Jack-the-Ripper◆ 4K Signature Lv.26,ln,Jacky WC Tech,4.75,4,0.75,0.75
120097,INDETERMINATE UNIVERSE 4K Extra Lv.24,jack,Jumpstream Tech,4.75,2.6,2.15,2.15
120209,Op.I《fear-TITΛN-》 4K Hyper Lv.25,stamina,Jumpstream Tech,4.75,4.4,0.35,0.35
120250,DA'AT -The First Seeker of Souls- 4K MASTER Lv.34,stamina,Jumpstream,7.93,9,-1.07,1.07
120370,DA'AT -The First Seeker of Souls- 4K EXPERT Lv.27,speed,Coordination,5.75,5.4,0.35,0.35
120377,シオカラスプラッシュ 4K Another Lv.25,speed,Jumpstream Tech,4.75,4.2,0.55,0.55
120521,Ba Huang ~The Glorious World~ 4K Extra_Side_A Lv.32,stamina,Jumpstream Tech,7.75,7.2,0.55,0.55
120526,Ba Huang ~The Glorious World~ 4K Another Lv.24,stamina,Jumpstream Tech,4.75,4.4,0.35,0.35
120527,Ba Huang ~The Glorious World~ 4K Insane Lv.27,speed,Jumpstream Tech,5.75,5.4,0.35,0.35
120528,Ba Huang ~The Glorious World~ 4K Extra_Side_B Lv.34,stamina,Jumpstream Tech,7.93,8.2,-0.27,0.27
120529,Ba Huang ~The Glorious World~ 4K Legendary Lv.37,ln,Jumpstream Tech,10.25,8.8,1.45,1.45
120564,雪月花 -さわわRemix- 4K EXHAUST Lv.28,stamina,Jumpstream,5.75,6.2,-0.45,0.45
120565,雪月花 -さわわRemix- 4K ADVANCED Lv.20,speed,Minitrills Tech,3.25,3.4,-0.15,0.15
120614,Necroxus 4K Hard Lv.27,speed,Minitrills Tech,5.75,5.4,0.35,0.35
120685,ZENITHALIZE 4K Another Lv.29,stamina,Jumpstream,5.8,5.6,0.2,0.2
120695,The Endless for Traveler 4K UwU Lv.22,stamina,Jumpstream Tech,3.41,4.4,-0.99,0.99
120697,The Endless for Traveler 4K OwO Lv.18,stamina,Jumpstream Tech,2.64,3.4,-0.76,0.76
120735,海恋華 4K Another Lv.24,stamina,Jumpstream Tech,4.75,3.8,0.95,0.95
120760,灰色のサーガ 4K Ashen Lv.17,stamina,Jumpstream Tech,2.11,1,1.11,1.11
120798,MALKUTH -The Last Ruler of Terrestrials- 4K MASTER Lv.34,ln,Jumpstream,7.93,8.2,-0.27,0.27
120831,アルカリレットウセイ 4K Normal Lv.14,stamina,Jumpstream Tech,0.49,1.4,-0.91,0.91
121148,ねぇ、壊れタ人形ハ何処へ棄テらレるノ？ 4K EXPERT Lv.25,stamina,Jumptrill,4.75,4.2,0.55,0.55
121185,光焔のラテラルアーク 4K Re_MASTER Lv.33,ln,Shield,7.75,8,-0.25,0.25
121209,ねぇ、壊れタ人形ハ何処へ棄テらレるノ？ 4K MASTER Lv.27,ln,Jumpstream,5.75,5,0.75,0.75
121370,Invisible Frenzy 4K INFERNO Lv.30,ln,Jacky WC,6.37,6,0.37,0.37
121388,MATOI -phase L- 4K Master (Full ver.) Lv.27,speed,Jumpstream Tech,5.75,4.6,1.15,1.15
121509,MALKUTH -The Last Ruler of Terrestrials- 4K EXPERT Lv.27,speed,Jumpstream,5.75,5.4,0.35,0.35
121664,Luxvinore 4K Another Lv.26,ln,Coordination,4.75,4,0.75,0.75
121735,Ängstlicher Vermeidender 4K Hard Lv.25,speed,Jumpstream Tech,4.75,5.2,-0.45,0.45
122170,Inixia 4K Infinity Lv.28,stamina,Jumpstream Tech,5.75,5.4,0.35,0.35
122233,Leonids 4K Insane -Algieba- Lv.33,speed,Jumpstream,7.75,7.2,0.55,0.55
122242,Cypress Burst 4K Extra Lv.32,speed,Jumpstream,7.75,7.2,0.55,0.55
122243,Cypress Burst 4K Black Another Lv.33,ln,Jumpstream,7.75,7.6,0.15,0.15
122245,Cypress Burst 4K Hyper Lv.23,speed,Coordination,4.06,4.2,-0.14,0.14
122246,Cypress Burst 4K Normal Lv.16,speed,Minitrills Tech,1.57,3.2,-1.63,1.63
122436,Invisible Frenzy 4K EXPERT Lv.25,ln,Density,4.75,3.8,0.95,0.95
122443,イルミナティ 4K New Order Lv.34,stamina,Jumpstream,7.93,9.4,-1.47,1.47
122453,Invisible Frenzy 4K HARD Lv.20,speed,Density,3.25,1.4,1.85,1.85
122548,Unwelcome School (t+pazolite Remix) 4K Normal Lv.10,speed,Minitrills Tech,-0.59,2.6,-3.19,3.19
122563,ディスコルディア 4K Advanced Lv.26,stamina,Jumpstream,4.75,4.6,0.15,0.15
123017,R.I.P. 4K Normal Lv.19,speed,Stream,3.18,3,0.18,0.18
123018,R.I.P. 4K Hard Lv.26,speed,Jumpstream Tech,4.75,4.6,0.15,0.15
123177,Omega Ax 4K EXTRA Lv.29,stamina,Jumpstream,5.8,7,-1.2,1.2
123178,Omega Ax 4K HARD Lv.22,stamina,Jumpstream Tech,3.41,4,-0.59,0.59
123209,NOT YOUR IDOL 4K Normal Lv.17,speed,Minitrills Tech,2.11,1.4,0.71,0.71
123292,Apollo 4K LUNATIC Lv.31,speed,Minitrills Tech,7.75,7.4,0.35,0.35
123293,Apollo 4K EXPERT Lv.27,speed,Minitrills Tech,5.75,5.4,0.35,0.35
123399,光焔のラテラルアーク 4K MASTER Lv.26,speed,Minitrills,4.75,4.4,0.35,0.35
123457,BiBiC HEART 4K Expert Lv.26,stamina,Jumpstream Tech,4.75,4.6,0.15,0.15
123516,ZENITHALIZE 4K Hyper Lv.24,speed,Jumpstream,4.75,2.6,2.15,2.15
123517,ZENITHALIZE 4K Normal Lv.17,speed,Minitrills Tech,2.11,1,1.11,1.11
123518,ZENITHALIZE 4K Beginner Lv.10,speed,Minitrills Tech,-0.59,2.6,-3.19,3.19
123638,Shining Wizard 4K Extreme Lv.26,stamina,Jumpstream,4.75,5,-0.25,0.25
123809,Shining Wizard 4K Advanced Lv.19,speed,Minitrills,3.18,2,1.18,1.18
123921,subconsciousness 4K Another Lv.23,speed,Chordjacks,4.06,2.8,1.26,1.26
123922,subconsciousness 4K Hyper Lv.16,stamina,Jumpstream,1.57,1,0.57,0.57
124132,Kontrol Line 4K MAXIMUM Lv.28,ln,Coordination,5.75,4.4,1.35,1.35
124298,graduation 4K MAXIMUM Lv.26,speed,Minitrills,4.75,5,-0.25,0.25
124798,Final Hope 4K Ultra Lv.24,speed,Minitrills,4.75,3.6,1.15,1.15
124806,Restricted Access 4K EXTINCTION Lv.33,speed,Jumpstream,7.75,7,0.75,0.75
124833,Restricted Access 4K MASSIVE Lv.26,speed,Jumpstream Tech,4.75,4.2,0.55,0.55
124834,Restricted Access 4K INVADED Lv.17,speed,Jumpstream Tech,2.11,1.6,0.51,0.51
124883,イルミナティ 4K Another Lv.27,stamina,Jumpstream,5.75,5.6,0.15,0.15
125024,T+ VS SHARK 4K Purity Lv.30,stamina,Jumpstream,6.37,6.4,-0.03,0.03
125168,To：Be Continued 4K WORLD'S END Lv.34,ln,Jumpstream Tech,7.93,7.8,0.13,0.13
125251,光焔のラテラルアーク 4K EXPERT Lv.23,speed,Rolls,4.06,4.6,-0.54,0.54
125520,ダーリンダンス 4K Desire Lv.18,speed,Jumpstream Tech,2.64,1,1.64,1.64
125577,九龍霓虹街 4K Insane Lv.28,ln,Coordination,5.75,5.4,0.35,0.35
125586,Lancelot ～Flame of the Rebellion～ 4K MAXIMUM Lv.25,stamina,Jumpstream Tech,4.75,5.4,-0.65,0.65
125661,Khionos TiARA 4K HEAVENLY Lv.30,stamina,Jumpstream Tech,6.37,6.2,0.17,0.17
125680,Relyna 4K Hyper+ Lv.27,stamina,Jumpstream Tech,5.75,5.4,0.35,0.35
125689,Relyna 4K Another Lv.29,stamina,Jumpstream Tech,5.8,5.8,0.0,0.0
125692,Le Porteur d'Ombre 4K Shadowless Lv.33,ln,Density,7.75,7.4,0.35,0.35
125709,lost 4K Death Lv.26,speed,Jumpstream Tech,4.75,5,-0.25,0.25
125710,lost 4K Robots Lv.34,speed,Minitrills,7.93,7.4,0.53,0.53
125720,Comet Coaster 4K MASTER Lv.23,ln,Density,4.06,3.2,0.86,0.86
125723,Epistrofi 4K Black Another Lv.33,speed,Jacky WC Tech,7.75,5.8,1.95,1.95
125724,Epistrofi 4K Another Lv.26,speed,Minitrills Tech,4.75,5.2,-0.45,0.45
125733,Le Porteur d'Ombre 4K Lightless Lv.31,stamina,Jumptrill,7.75,7.4,0.35,0.35
125771,Le Porteur d'Ombre 4K Another Lv.29,speed,Chordjacks,5.8,6.6,-0.8,0.8
125808,Khionos TiARA 4K MAXIMUM Lv.28,stamina,Jumpstream Tech,5.75,4.4,1.35,1.35
125974,Shuten Douji 4K Expert Lv.27,stamina,Jumpstream,5.75,5.4,0.35,0.35
125995,T+ VS SHARK 4K Skirmish Lv.25,stamina,Jumpstream Tech,4.75,4.4,0.35,0.35
126007,Le Porteur d'Ombre 4K Hyper Lv.25,speed,Minitrills Tech,4.75,4.2,0.55,0.55
126311,]-[__34_#! 4K Easy Lv.14,stamina,Jumpstream Tech,0.49,1.6,-1.11,1.11
126313,]-[__34_#! 4K Hard Lv.25,stamina,Jumpstream Tech,4.75,5.4,-0.65,0.65
126501,Puberty Dysthymia 4K Master Lv.28,stamina,Jumpstream Tech,5.75,5.4,0.35,0.35
126522,Puberty Dysthymia 4K Expert Lv.21,stamina,Jumpstream Tech,3.25,3.4,-0.15,0.15
126706,]-[__34_#! 4K Lunatic Lv.34,jack,Jumpstream,7.93,8.6,-0.67,0.67
126711,幻想曲第1番 -Furie- 4K Hard Lv.24,speed,Jumpstream,4.75,4.4,0.35,0.35
126734,Makear 4K ULTIMA Lv.36,stamina,Jumpstream,9.04,10.2,-1.16,1.16
126800,Lunàtixxx Gear 4K Finàlxxx Mean Lv.31,ln,Density,7.75,5.6,2.15,2.15
126804,Pump It 4K Normal Lv.17,speed,Minitrills Tech,2.11,1.2,0.91,0.91
126806,Pump It 4K Hard Lv.23,speed,Jumpstream Tech,4.06,3.6,0.46,0.46
126829,Makear 4K MASTER Lv.30,speed,Minitrills,6.37,7.2,-0.83,0.83
126938,Operation☆DOTABATA 4K NyanCat Lv.24,stamina,Jumpstream Tech,4.75,3.4,1.35,1.35
127024,Pump It 4K Exciting Lv.27,stamina,Jumpstream,5.75,4.6,1.15,1.15
127160,盟月 4K MASTER Lv.27,stamina,Jumpstream Tech,5.75,6.4,-0.65,0.65
127263,天照らす律動 4K Another Lv.28,stamina,Jumpstream Tech,5.75,5.4,0.35,0.35
127370,Anisakis -somatic mutation type _Forza_- 4K Hard Lv.26,stamina,Jumpstream Tech,4.75,5,-0.25,0.25
127372,Thanatos 4K MAXIMUM Lv.32,stamina,Jumpstream,7.75,7.4,0.35,0.35
127375,Thanatos 4K EXHAUST Lv.26,speed,Trills,4.75,4.4,0.35,0.35
127530,白花の天使 4K MASTER Lv.32,stamina,Jumpstream Tech,7.75,6.2,1.55,1.55
127587,Postliminium 4K Insane Lv.27,speed,Minitrills Tech,5.75,5.4,0.35,0.35
127604,Ready For It_ 4K Normal Lv.16,speed,Minitrills Tech,1.57,1,0.57,0.57
127605,Ready For It_ 4K Hard Lv.21,jack,Jacks,3.25,2.4,0.85,0.85
127698,Made In Love 4K EX Lv.26,ln,Coordination,4.75,3.6,1.15,1.15
127722,白花の天使 4K EXPERT Lv.27,stamina,Jumpstream Tech,5.75,5.4,0.35,0.35
127753,Inixia 4K Insane Lv.22,speed,Jumpstream Tech,3.41,4.4,-0.99,0.99
127804,Setsugekka 4K Another Lv.23,speed,Handstream Tech,4.06,4.6,-0.54,0.54
127805,Setsugekka 4K Hyper Lv.16,speed,Minitrills Tech,1.57,1.2,0.37,0.37
127840,Head BONK ache 4K BONK Lv.25,stamina,Jumpstream Tech,4.75,4.6,0.15,0.15
128019,《Re_miniscence》 4K EXCEED Lv.34,stamina,Jumpstream,7.93,8,-0.07,0.07
128024,《Re_miniscence》 4K MAXIMUM Lv.27,speed,Minitrills,5.75,4.6,1.15,1.15
128079,The Lady is a Trump 4K Joker Lv.34,stamina,Jumpstream,7.93,8.6,-0.67,0.67
128343,Last Farewell 4K Farewell Lv.27,stamina,Jumpstream Tech,5.75,6.2,-0.45,0.45
128413,Avalanche 4K Another Lv.27,stamina,Jumpstream Tech,5.75,6,-0.25,0.25
128423,Avalanche 4K Hyper Lv.22,speed,Jumpstream Tech,3.41,3.6,-0.19,0.19
128539,蝎虎天体 -Lacertid- 4K Celestial Lv.31,ln,Shield,7.75,5.8,1.95,1.95
128545,Unwelcome School 4K Hardcore Lv.25,stamina,Jumpstream,4.75,4.2,0.55,0.55
128581,Xperanza 4K Sapphire Lv.31,ln,Jacky WC Tech,7.75,5.4,2.35,2.35
128599,Frey's Philosophy 4K Master Lv.28,ln,Shield,5.75,4.4,1.35,1.35
128603,蝎虎天体 -Lacertid- 4K Another Lv.27,ln,Minijacks,5.75,3.8,1.95,1.95
128656,Reb∞t 4K GRAVITY Lv.33,ln,Density,7.75,7.6,0.15,0.15
128659,ぱぴぷぴぷぴぱ 4K Hard Lv.26,stamina,Jumpstream Tech,4.75,4.6,0.15,0.15
128668,Reb∞t 4K MAXIMUM Lv.28,jack,Longjacks Tech,5.75,5.6,0.15,0.15
128860,Final Hope 4K Master Lv.27,speed,Minitrills Tech,5.75,5.4,0.35,0.35
128947,天照らす律動 4K Expert Lv.27,stamina,Jumpstream Tech,5.75,6,-0.25,0.25
129130,ラケシスと永遠の祈祷者 4K Atropos Lv.30,stamina,Jumpstream Tech,6.37,6.4,-0.03,0.03
129131,ラケシスと永遠の祈祷者 4K Lachesis Lv.25,speed,Jumpstream Tech,4.75,4.2,0.55,0.55
129199,Pump It 4K Extraodinary Lv.30,speed,Minijacks,6.37,7.4,-1.03,1.03
129227,天照らす律動 4K De4's HIDDEN Lv.33,stamina,Jumpstream Tech,7.75,8,-0.25,0.25
129292,ソワカの声 4K tasuketedareka Lv.36,speed,Jumpstream Tech,9.04,8.4,0.64,0.64
129317,Prometheus 4K Master Lv.29,speed,Minitrills Tech,5.8,6.2,-0.4,0.4
129482,Distorted Fate 4K Insane Lv.27,ln,Jacky WC Tech,5.75,4.4,1.35,1.35
129483,Distorted Fate 4K Another Lv.32,ln,Jacky WC,7.75,5.6,2.15,2.15
129488,Access Denied 4K EXTINCTION Lv.33,speed,Jumpstream,7.75,7.2,0.55,0.55
129512,Prometheus 4K Expert Lv.24,ln,Minitrills Tech,4.75,3.4,1.35,1.35
129533,EncorE & cALL 4K MAXIMUM Lv.33,ln,Density,7.75,7.4,0.35,0.35
129534,EncorE & cALL 4K EXHAUST Lv.29,speed,Jumpstream Tech,5.8,5,0.8,0.8
129548,C H A O S 4K Hard Lv.26,speed,Minitrills Tech,4.75,4.6,0.15,0.15
129630,Khronostasis Katharsis 4K Insane Lv.23,speed,Jumpstream,4.06,4,0.06,0.06
129672,Sentimental Surge 4K Outburst(Full ver.) Lv.31,stamina,Jumpstream,7.75,7,0.75,0.75
129702,Sentimental Surge 4K Another Lv.27,stamina,Jumpstream,5.75,6,-0.25,0.25
129776,Access Denied 4K MASSIVE Lv.25,speed,Jumpstream Tech,4.75,4.6,0.15,0.15
130021,fission 4K Giga Lv.27,speed,Jumpstream Tech,5.75,5,0.75,0.75
130067,Positive 4K Positive Lv.27,ln,Jacky WC Tech,5.75,3.6,2.15,2.15
130074,灰の羽搏 4K Ashed Lv.36,ln,Jacky WC Tech,9.04,9.6,-0.56,0.56
130080,灰の羽搏 4K Advanced Lv.28,ln,Jumpstream Tech,5.75,4.2,1.55,1.55
130198,black bullet 4K HD Lv.22,stamina,Jumpstream Tech,3.41,1,2.41,2.41
130223,灰の羽搏 4K Exhausted Lv.33,ln,Jumpstream Tech,7.75,6.8,0.95,0.95
130252,Heracles 4K Hard Lv.25,speed,Jumpstream Tech,4.75,4,0.75,0.75
130270,Hainuwele 4K EXPERT Lv.24,stamina,Jumpstream Tech,4.75,4.2,0.55,0.55
130361,C H A O S 4K KillS Lv.31,speed,Minitrills Tech,7.75,7.4,0.35,0.35
130523,「白亜の予告状～虚飾の館と美学の在り処～」Theme 1 4K White Another Lv.25,speed,Jumpstream,4.75,2.8,1.95,1.95
130568,Don't Never Around 4K Another Lv.28,stamina,Jumpstream Tech,5.75,6.2,-0.45,0.45
130703,KUGUTSU 4K Extra Lv.35,stamina,Jumpstream,8.79,9.6,-0.81,0.81
130704,KUGUTSU 4K Chaos Master Lv.37,stamina,Jumpstream,10.25,10.2,0.05,0.05
130705,KUGUTSU 4K Insane Lv.26,speed,Minitrills,4.75,5.2,-0.45,0.45
130787,Khronostasis Katharsis 4K Hard Lv.17,speed,Jumpstream Tech,2.11,3.2,-1.09,1.09
131040,Shiensousen 4K MAXIMUM Lv.32,speed,Coordination,7.75,6.4,1.35,1.35
131055,Shiensousen 4K EXHAUST Lv.27,stamina,Jumpstream Tech,5.75,4.4,1.35,1.35
131057,Flying Castle 4K Another Lv.29,stamina,Jumpstream,5.8,5.2,0.6,0.6
131177,Red Liberation 4K Hard Lv.21,jack,Jumpstream Tech,3.25,3,0.25,0.25
131203,赫焉 4K MAXIMUM Lv.33,ln,Jacky WC Tech,7.75,7.4,0.35,0.35
131239,THE HEAVEN 4K MAXIMUM Lv.28,stamina,Density,5.75,7,-1.25,1.25
131240,赫焉 4K EXHAUST Lv.25,stamina,Jumpstream Tech,4.75,3.8,0.95,0.95
131314,Galactic D-SavioR 4K Hyper Lv.28,stamina,Jumpstream Tech,5.75,7.2,-1.45,1.45
131394,大和撫子 -Wild Dances- 4K WILD DANCES Lv.24,speed,Jumpstream Tech,4.75,4.6,0.15,0.15
131395,大和撫子 -Wild Dances- 4K Twilight Lv.15,speed,Minitrills Tech,1.03,1,0.03,0.03
131409,Yamato nadeshiko -Wild Dances- 4K Another Lv.22,speed,Jumpstream Tech,3.41,1.4,2.01,2.01
131544,Mistress Ann ni hanataba wo 4K Epiphyllum Lv.14,speed,Trills Tech,0.49,1,-0.51,0.51
131578,Revolution 4K Resolution Lv.33,speed,Jumpstream,7.75,7,0.75,0.75
131608,Viyella's Tears 4K Fuburin's Re_Master Lv.34,stamina,Jumpstream,7.93,9.6,-1.67,1.67
131623,Shoujo Gensou ~Necro-Fantasy 4K MX ver.2023 Lv.25,stamina,Jumpstream,4.75,2.6,2.15,2.15
131692,Λzure Vixen 4K MASTER Lv.31,ln,JS Density,7.75,5.6,2.15,2.15
131782,Chaotic Ørder 4K CHAOS Lv.33,stamina,Jumpstream,7.75,8.6,-0.85,0.85
131872,閠槞彁の願い 4K Another Lv.33,stamina,Jumpstream,7.75,7.4,0.35,0.35
131873,閠槞彁の願い 4K Hyper Lv.27,speed,Jumpstream,5.75,4.8,0.95,0.95
131980,Mazy Metroplex 4K Another Lv.26,stamina,Jumpstream Tech,4.75,5.2,-0.45,0.45
131981,Mazy Metroplex 4K Hyper Lv.21,stamina,Jumpstream Tech,3.25,2.6,0.65,0.65
131982,Mazy Metroplex 4K Normal Lv.17,speed,Minitrills Tech,2.11,1.6,0.51,0.51
131991,QQ 4K WeChat Lv.20,speed,Jumpstream Tech,3.25,3.2,0.05,0.05
131992,QQ 4K QQphobia Lv.30,speed,Minitrills Tech,6.37,6.4,-0.03,0.03
132056,Seisou Bakuretsu Boy (EcstasyVersion) 4K Red Sunshine Lv.34,ln,Jacky WC Tech,7.93,5.8,2.13,2.13
132059,Seisou Bakuretsu Boy (EcstasyVersion) 4K Normal Lv.13,stamina,Jumpstream Tech,-0.02,1.4,-1.42,1.42
132060,Seisou Bakuretsu Boy (EcstasyVersion) 4K Easy Lv.7,speed,Trills Tech,-1.16,2.4,-3.56,3.56
132076,Waterfall 4K Upstream Lv.25,stamina,Jumpstream Tech,4.75,4.2,0.55,0.55
132095,Origami Dragon 4K Another Lv.25,stamina,Jumpstream,4.75,5,-0.25,0.25
132182,Chaotic Ørder 4K MASTER Lv.28,stamina,Jumpstream Tech,5.75,5.2,0.55,0.55
132205,To：Be Continued 4K MASTER Lv.28,speed,Jumpstream Tech,5.75,6.2,-0.45,0.45
132336,Manimani 4K You're Lv.18,speed,Minitrills Tech,2.64,3,-0.36,0.36
132337,"Manimani 4K Crazy, too Lv.27",stamina,Jumpstream Tech,5.75,4.2,1.55,1.55
132344,What the devils_____ 4K What the angel____ Lv.30,speed,Rolls Tech,6.37,7.2,-0.83,0.83
132351,Legend 4K SHD ver.2023 Lv.28,speed,Stream,5.75,5.4,0.35,0.35
132530,Plasma Sphere 4K SC Lv.27,jack,Chordjacks,5.75,4.8,0.95,0.95
132532,Plasma Sphere 4K HD Lv.15,speed,Jumpstream Tech,1.03,1,0.03,0.03
132692,Heracles 4K Normal Lv.18,speed,Jumpstream Tech,2.64,3,-0.36,0.36
132694,To：Be Continued 4K EXPERT Lv.25,speed,Minitrills Tech,4.75,4.4,0.35,0.35
132906,Xeroize 4K Expert Lv.28,speed,Minitrills Tech,5.75,6,-0.25,0.25
132907,Xeroize 4K Hard Lv.22,speed,Jumpstream Tech,3.41,2.8,0.61,0.61
132910,Xeroize 4K Medium Lv.17,speed,Jumpstream,2.11,1.8,0.31,0.31
133001,Alea jacta est! 4K Hard Lv.24,stamina,Jumpstream,4.75,4,0.75,0.75
133029,ドゥサンコオデッセイ!! 4K EXHAUST Lv.26,stamina,Jumpstream Tech,4.75,3.8,0.95,0.95
133166,ヒュブリスの頂に聳えるのは 4K Another Lv.24,stamina,Jumpstream,4.75,4,0.75,0.75
133191,Fluctuation 4K Another Lv.30,speed,Minitrills Tech,6.37,5,1.37,1.37
133198,The Lady is a Trump 4K King Lv.24,speed,Minitrills Tech,4.75,4.4,0.35,0.35
133254,Fluctuation 4K Hyper Lv.26,speed,Jumpstream Tech,4.75,3.8,0.95,0.95
133314,ミラージュ・フレイグランス 4K LUNATIC Lv.29,stamina,Jumpstream,5.8,6,-0.2,0.2
133413,Melonaid 4K Hard Lv.23,speed,Minitrills,4.06,3,1.06,1.06
133462,Apocalypse 4K Expert Lv.32,stamina,Jumpstream Tech,7.75,6.4,1.35,1.35
133525,Don't Fight The Music 4K EXPERT Lv.26,stamina,Jumpstream Tech,4.75,4.2,0.55,0.55
133650,Apocalypse 4K Hard Lv.24,speed,Jumpstream,4.75,3.6,1.15,1.15
133710,ミラージュ・フレイグランス 4K ADVANCED Lv.17,speed,Minitrills,2.11,2,0.11,0.11
133760,Renegade VIP 4K Hard Lv.30,ln,Jacky WC Tech,6.37,5.8,0.57,0.57
133777,ミラージュ・フレイグランス 4K FANTASIA Lv.31,ln,Jumpstream,7.75,5.8,1.95,1.95
133827,AO-INFINITY 4K Run To Nothingness Lv.31,ln,Coordination,7.75,5.6,2.15,2.15
133878,AO-∞ 4K Insane Lv.25,speed,Jumpstream Tech,4.75,4,0.75,0.75
133904,FINAL BLENDERMAN APPEARED. (feat. RichaadEB) 4K ANTAGONISM Lv.34,ln,Density,7.93,8.6,-0.67,0.67
133939,Daydreama 4K MASTER Lv.26,stamina,Jumpstream,4.75,5.8,-1.05,1.05
133962,Daydreama 4K EXPERT Lv.21,stamina,Jumpstream,3.25,3.4,-0.15,0.15
134024,Bling-Bang-Bang-Born (TV Size) 4K HD Lv.20,speed,Jumpstream Tech,3.25,1.6,1.65,1.65
134025,3V0 4K Another Lv.26,ln,Coordination,4.75,3.6,1.15,1.15
134103,How To Make 音ゲ～曲！ 4K Insane Lv.26,stamina,Jumpstream Tech,4.75,4.8,-0.05,0.05
134202,Arcana 4K Hyper Lv.14,speed,Minitrills Tech,0.49,1,-0.51,0.51
134203,Arcana 4K Another Lv.21,speed,Jumpstream Tech,3.25,2.6,0.65,0.65
134439,U.N.オーエンは彼女なのか？ 4K Expert Lv.24,speed,Minitrills Tech,4.75,2.6,2.15,2.15
134737,疾風怒濤 4K Vortex Lv.34,speed,Jumpstream,7.93,8.6,-0.67,0.67
134740,Campanella 4K Galactic Lv.34,stamina,Jumpstream,7.93,9.6,-1.67,1.67
134846,Distorted Heavens 4K Heavens Lv.28,stamina,Jumpstream Tech,5.75,4.6,1.15,1.15
134873,χ談 4K Plz’s Oni Lv.29,speed,Coordination,5.8,5,0.8,0.8
134988,Crush Expert 4K Expert Lv.27,stamina,Jumpstream Tech,5.75,4.4,1.35,1.35
135001,すべてが幻になった後で 4K Utopia Lv.35,speed,Density,8.79,7.8,0.99,0.99
135003,随神 4K MAXIMUM Lv.32,stamina,Jumpstream Tech,7.75,7.2,0.55,0.55
135181,すべてが幻になった後で 4K Fantasy Lv.27,speed,Minitrills,5.75,4.4,1.35,1.35
135292,Straight into the lights 4K Hard Lv.21,ln,Density,3.25,3.2,0.05,0.05
135293,Straight into the lights 4K Insane Lv.25,ln,Density,4.75,3.8,0.95,0.95
135337,すべてが幻になった後で 4K Divine Lv.31,speed,Minitrills Tech,7.75,6,1.75,1.75
135354,Alt Futur 4K Hard Lv.24,stamina,Jumpstream,4.75,4,0.75,0.75
135386,APØCALYPSE RAY 4K EXCEED Lv.36,ln,Jumptrill,9.04,9.4,-0.36,0.36
135399,APØCALYPSE RAY 4K ADVANCED Lv.21,stamina,Jumpstream Tech,3.25,3,0.25,0.25
135407,Campanella 4K Hard Lv.22,stamina,Jumpstream,3.41,3.6,-0.19,0.19
135521,APØCALYPSE RAY 4K MAXIMUM Lv.32,ln,Jumpstream,7.75,7.4,0.35,0.35
135522,APØCALYPSE RAY 4K EXHAUST Lv.27,stamina,Density,5.75,5,0.75,0.75
135622,Campanella 4K Insane Lv.30,speed,Minitrills,6.37,6.4,-0.03,0.03
135630,Crush Expert 4K Hard Lv.17,speed,Jumpstream,2.11,3,-0.89,0.89
135695,Sparking Revolver 4K MASTER Lv.28,stamina,Jumpstream,5.75,7.4,-1.65,1.65
135762,White Stream 4K MAXIMUM Lv.33,jack,Jumpstream,7.75,7,0.75,0.75
135867,Angel Halo 4K Expert Lv.27,stamina,Jumpstream Tech,5.75,5.4,0.35,0.35
135868,Angel Halo 4K Hard Lv.23,speed,Minitrills,4.06,3.6,0.46,0.46
135884,Violet Rose 4K Another Lv.24,stamina,Jumpstream Tech,4.75,5.2,-0.45,0.45
135885,Violet Rose 4K Hyper Lv.21,speed,Jumpstream Tech,3.25,1.2,2.05,2.05
135886,Violet Rose 4K Normal Lv.17,speed,Jumpstream Tech,2.11,1,1.11,1.11
135899,Calamity Tempest 4K MAXIMUM LV.33,jack,Jumpstream,7.75,7.2,0.55,0.55
135921,Calamity Tempest 4K Extra LV.27,stamina,Jumpstream,5.75,6.2,-0.45,0.45
135939,NEMSYS ARENA World Hexathlon 4K MAXIMUM Lv.32,ln,Density,7.75,7,0.75,0.75
135949,Fractured Heaven 4K Anguish Lv.38,speed,Jumpstream Tech,10.43,12,-1.57,1.57
135986,Glimmering 4K Goldenglow Lv.29,speed,Jumpstream Tech,5.8,5.2,0.6,0.6
135987,Glimmering 4K Sparkle Lv.26,speed,Chordjacks,4.75,4.2,0.55,0.55
135999,Glimmering 4K Dim Light Lv.18,speed,Minitrills Tech,2.64,3.4,-0.76,0.76
136006,Diastrophism 4K Insane Lv.29,stamina,Jumpstream Tech,5.8,6.2,-0.4,0.4
136025,Diastrophism 4K Another Lv.25,speed,Minitrills Tech,4.75,5.4,-0.65,0.65
136090,1nput This 2 Y0ur Spine 4K Spine Lv.34,ln,Shield,7.93,7.6,0.33,0.33
136250,Nacreous Snowmelt 4K Snow-white Another Lv.34,ln,Jacky WC Tech,7.93,7,0.93,0.93
136292,FINAL BLENDERMAN APPEARED. (feat. RichaadEB) 4K ANOTHER Lv.28,ln,Jumpstream Tech,5.75,5.2,0.55,0.55
136314,TUTORIAL ON HOW TO TWERK 4K Step 3_ Start Your Action Lv.22,stamina,Jumpstream Tech,3.41,4.2,-0.79,0.79
136323,LegenD. 4K GRAVITY Lv.35,stamina,Jumpstream,8.79,7.8,0.99,0.99
136336,Train of Thought 4K Choo-choo-chah Lv.32,speed,Jumpstream,7.75,5.4,2.35,2.35
136344,FINAL BLENDERMAN APPEARED. (feat. RichaadEB) 4K INSANE Lv.24,stamina,Jumpstream Tech,4.75,4.6,0.15,0.15
136410,Bugle Call Rag 4K Big-boy Tempo Lv.28,ln,Jumpstream Tech,5.75,5.2,0.55,0.55
136420,{ eXLIPXe } 4K EXHAUST Lv.27,ln,Density,5.75,4.4,1.35,1.35
136421,{ eXLIPXe } 4K EXCEED Lv.37,ln,Jacky WC Tech,10.25,11.2,-0.95,0.95
136437,Breakneck Pursuit 4K EXCEED Lv.32,ln,Jumpstream,7.75,6,1.75,1.75
136450,{ eXLIPXe } 4K MAXIMUM Lv.34,ln,Jumpstream Tech,7.93,7.6,0.33,0.33
136539,Push Up (Main Edit) 4K Hard Lv.21,stamina,Jumpstream Tech,3.25,1.4,1.85,1.85
136601,JOMANDA 4K Extreme Lv.31,stamina,Jumpstream,7.75,6,1.75,1.75
136651,JOMANDA 4K Advanced Lv.27,stamina,Jumpstream,5.75,4.4,1.35,1.35
136652,JOMANDA 4K Normal Lv.19,speed,Jumpstream Tech,3.18,3.2,-0.02,0.02
136655,Megastructure 4K Dreamland Lv.28,speed,Shield,5.75,5.4,0.35,0.35
136704,Megastructure 4K Paradise Lv.26,speed,Minitrills Tech,4.75,4,0.75,0.75
136737,Time to beat the odds 4K Hard Lv.27,stamina,Jumpstream,5.75,5.6,0.15,0.15
136842,Straight into the lights 4K JackyYan's Black Another Lv.29,ln,Density,5.8,5,0.8,0.8
136933,LegenD. 4K EXHAUST LV.23,stamina,Jumpstream Tech,4.06,3.2,0.86,0.86
136935,LegenD. 4K MAXIMUM LV.29,stamina,Jumptrill,5.8,6.2,-0.4,0.4
136944,すべてが幻になった後で 4K Another Take Lv.34,speed,Minitrills Tech,7.93,7,0.93,0.93
136960,粉骨砕身カジノゥ 4K MASTER+ Lv.28,stamina,Jumpstream Tech,5.75,5,0.75,0.75
136964,Breakneck Pursuit 4K MAXIMUM LV.28,stamina,Jumpstream Tech,5.75,5.4,0.35,0.35
136989,Everybody Knows 4K Normal Lv.19,speed,Minitrills Tech,3.18,1.6,1.58,1.58
137032,DEUX EX MĀXHINĀ 4K EXCEED Lv.37,stamina,Jumptrill,10.25,11.6,-1.35,1.35
137040,Everybody Knows 4K Hard Lv.24,stamina,Jumpstream Tech,4.75,2.6,2.15,2.15
137041,Everybody Knows 4K Maximum Lv.27,stamina,Jumpstream,5.75,3.8,1.95,1.95
137138,DEUX EX MĀXHINĀ 4K MAXIMUM Lv.33,stamina,Jumpstream,7.75,10.2,-2.45,2.45
137266,Insomnia 4K Crazy Lv.27,speed,Jumpstream,5.75,4.6,1.15,1.15
137292,U.N.オーエンは彼女なのか？ 4K Hard Lv.18,speed,Minitrills Tech,2.64,1,1.64,1.64
137307,DEUX EX MĀXHINĀ 4K EXHAUST Lv.28,stamina,Jumpstream Tech,5.75,5.8,-0.05,0.05
137548,Checkmate 4K Sacrifice Lv.24,speed,Jumpstream Tech,4.75,4.4,0.35,0.35
137549,Checkmate 4K Stalemate Lv.28,ln,Jumpstream Tech,5.75,5.2,0.55,0.55
137550,Checkmate 4K Checkmate Lv.37,ln,Coordination,10.25,9.2,1.05,1.05
137588,In Black & White 4K Another Lv.29,stamina,Jumpstream Tech,5.8,5.8,0.0,0.0
137589,In Black & White 4K Original.Ver Lv.30,speed,Minitrills Tech,6.37,5.6,0.77,0.77
137593,New World 4K Hyper Lv.18,stamina,Jumpstream,2.64,1,1.64,1.64
137614,ILLEGAL LEGACY 4K Insane Lv.30,stamina,Jumpstream,6.37,6.2,0.17,0.17
137702,Checkmate 4K Deflection Lv.33,stamina,Jumptrill,7.75,8.6,-0.85,0.85
137840,Checkmate 4K Skewer Lv.18,speed,Minitrills Tech,2.64,3,-0.36,0.36
137909,夜明けまであと3秒 4K Expert Lv.26,ln,Jacky WC Tech,4.75,3.6,1.15,1.15
137920,Checkmate 4K Grandmaster Lv.37,ln,Jumpstream,10.25,9.8,0.45,0.45
137973,遠い世界の時と空 4K Sora Lv.19,stamina,Jumpstream Tech,3.18,1.4,1.78,1.78
138058,Entropic EnĤαncemEnt 4K EXCEED Lv.36,stamina,Jumpstream,9.04,10,-0.96,0.96
138202,Credits 4K Normal Lv.16,speed,Minitrills,1.57,1,0.57,0.57
138226,Entropic EnĤαncemEnt 4K MAXIMUM Lv.33,stamina,Jumpstream Tech,7.75,7.2,0.55,0.55
138257,Temptation 4K Maximum Lv.30,ln,Jumpstream,6.37,4.6,1.77,1.77
138488,Kaidan 4K Daitatsujin Lv.35,stamina,Jumpstream Tech,8.79,9.6,-0.81,0.81
138494,雪男 4K WORLD'S END Lv.34,speed,Jumptrill,7.93,9.6,-1.67,1.67
138495,雪男 4K MASTER Lv.27,stamina,Coordination,5.75,5.6,0.15,0.15
138499,Cørrūptêd + GūardiaÑ 4K Fallen Lv.38,ln,Shield,10.43,11.2,-0.77,0.77
138501,Nyarlathotep's Dreamland 4K Hard Lv.28,speed,Minitrills,5.75,4.4,1.35,1.35
138506,Eternally 4K Eternally Lv.31,speed,Coordination,7.75,7.2,0.55,0.55
138593,Entropic EnĤαncemEnt 4K EXHAUST Lv.27,speed,Minitrills,5.75,6.2,-0.45,0.45
138595,疾風怒濤 4K Armageddon Lv.38,ln,Jacky WC Tech,10.43,11.6,-1.17,1.17
138627,Cørrūptêd + GūardiaÑ 4K Prosperous Lv.28,speed,Jumpstream Tech,5.75,6.2,-0.45,0.45
138798,Unknown Territory 4K Leggendaria Lv.33,jack,Minijacks Tech,7.75,8.6,-0.85,0.85
138799,Unknown Territory 4K Black Another Lv.28,jack,Jumpstream Tech,5.75,5.4,0.35,0.35
138800,Unknown Territory 4K Another Lv.27,stamina,Jumpstream Tech,5.75,5.4,0.35,0.35
138801,Unknown Territory 4K Hyper Lv.24,speed,Jumpstream Tech,4.75,4.6,0.15,0.15
138966,Nyarlathotep's Dreamland 4K Easy Lv.9,speed,Minitrills Tech,-0.78,1.4,-2.18,2.18
139151,十の試煉 4K EXHAUST Lv.28,stamina,Jumpstream Tech,5.75,6,-0.25,0.25
139180,十の試煉 4K EXCEED Lv.36,ln,Shield,9.04,9.6,-0.56,0.56
139274,Aqua Stars 4K Daybreak Lv.25,speed,Jumpstream Tech,4.75,4.2,0.55,0.55
139333,sølips 4K sølips Lv.29,stamina,Jumpstream Tech,5.8,6,-0.2,0.2
139357,Stellar_Dream 4K Stallerium Lv.33,ln,HS Density,7.75,7,0.75,0.75
139486,Poppy 4K Poppy Lv.30,stamina,Jumpstream Tech,6.37,6.2,0.17,0.17
139547,2019 Megamix 4K Megachart Lv.31,ln,Minitrills Tech,7.75,4.6,3.15,3.15
139595,Rrhar'il 4K Another Lv.32,stamina,Jumpstream,7.75,8.8,-1.05,1.05
139642,Vulnerability 4K Another Lv.27,ln,Coordination,5.75,4.4,1.35,1.35
139799,Rrhar'il 4K Insane Lv.26,stamina,Jumpstream Tech,4.75,4,0.75,0.75
139869,Rrhar'il 4K Calamity Lv.35,stamina,Jumpstream,8.79,10,-1.21,1.21
140102,十の試煉 4K MAXIMUM Lv.32,ln,Shield,7.75,6.8,0.95,0.95
140156,Heart Pie Dancehall 4K Normal Lv.18,stamina,Jumpstream Tech,2.64,1,1.64,1.64
140177,Nyarlathotep's Dreamland 4K Black Another Lv.32,stamina,Jumpstream,7.75,6.2,1.55,1.55
140193,Fractured Heaven 4K Black Another Lv.36,ln,Jumpstream Tech,9.04,9.4,-0.36,0.36
140194,Fractured Heaven 4K Hyper Lv.26,ln,Density,4.75,4.8,-0.05,0.05
140195,Fractured Heaven 4K Another Lv.32,speed,Stream,7.75,7.4,0.35,0.35
140277,BAYONEX 4K MAXIMUM Lv.35,ln,Jumptrill,8.79,9.2,-0.41,0.41
140320,PHOTON BLAXT 4K MAXIMUM LV.29,stamina,Jumpstream Tech,5.8,5.2,0.6,0.6
140407,BAYONEX 4K MAXIMUMX (_Xtrablast _ V1.1_ Long ver.) Lv.37,speed,Jumptrill,10.25,9.4,0.85,0.85
140455,Infiltration 4K Hard Lv.26,stamina,Jumpstream Tech,4.75,4.8,-0.05,0.05
140682,Infiltration 4K Normal Lv.18,speed,Minitrills,2.64,1,1.64,1.64
140755,BAYONEX 4K EXHAUST Lv.29,ln,Jumpstream Tech,5.8,6,-0.2,0.2
140761,BLVNK VIP 4K Insane Lv.26,stamina,Jumpstream Tech,4.75,4.6,0.15,0.15
140860,Away 4K Expert Lv.24,speed,Minitrills Tech,4.75,3.4,1.35,1.35
140916,Acid God 4K MASTER Lv.33,ln,Coordination,7.75,6.6,1.15,1.15
140932,氷滅の135小節 4K MASTER Lv.28,stamina,Handstream Tech,5.75,6.2,-0.45,0.45
141104,氷滅の135小節 4K HARD Lv.22,stamina,Jumpstream Tech,3.41,3.8,-0.39,0.39
141216,LOSHAXI 4K Insane Lv.33,stamina,Jumpstream Tech,7.75,7.4,0.35,0.35
141222,Acid God 4K MASTER Lv.25,speed,Jumpstream,4.75,4.6,0.15,0.15
141359,勇者 4K Memory Lv.23,speed,Jumpstream Tech,4.06,2.8,1.26,1.26
141377,Paradizm 4K Another Lv.28,jack,Chordjacks Tech,5.75,5.4,0.35,0.35
141378,Paradizm 4K Hyper Lv.19,speed,Jumpstream Tech,3.18,2.8,0.38,0.38
141411,WORLDINVADER 4K Expert Lv.26,stamina,Jumpstream,4.75,4.6,0.15,0.15
141429,Untrodden Morn 4K Special Lv.25,stamina,Jumpstream,4.75,4.4,0.35,0.35
141623,mending elytra 4K Insane Lv.25,stamina,Jumpstream Tech,4.75,4.4,0.35,0.35
141693,scualee 4K GIGA Lv.32,ln,Shield,7.75,5,2.75,2.75
141910,LOSHAXI 4K Another Lv.26,speed,Minitrills Tech,4.75,4.4,0.35,0.35
142129,Guinevere~shiroki yousei~ 4K MAXIMUM Lv.32,ln,Jacky WC Tech,7.75,6,1.75,1.75
142157,epitaxy 4K Epitaxy Lv.28,stamina,Jumptrill,5.75,4.2,1.55,1.55
142437,烏兎 4K Illusion Lv.31,ln,Jumpstream Tech,7.75,4.8,2.95,2.95
142439,烏兎 4K Invasion Lv.18,speed,Minitrills Tech,2.64,2.2,0.44,0.44
142643,lovelynonsense 4K Paradoxical Lv.36,ln,Shield,9.04,9.6,-0.56,0.56
142800,Boulafacet 4K Collapse Lv.27,speed,Minitrills,5.75,4.4,1.35,1.35
142926,TAKE OVER! 4K TAKE OVER! Lv.34,ln,Jacky WC Tech,7.93,6.8,1.13,1.13
142976,Hidden Ending 4K INFERNO Lv.27,ln,Jumpstream,5.75,5,0.75,0.75
143022,Giselle 4K Albercht Lv.32,speed,Minitrills Tech,7.75,5.4,2.35,2.35
143035,WORM RAVE 4K Extra RAVE Lv.35,speed,Jumpstream Tech,8.79,7.4,1.39,1.39
143205,キバナリュウゲ 4K Normal Lv.16,speed,Rolls Tech,1.57,1,0.57,0.57
143208,WORM RAVE 4K Insane Lv.27,speed,Jumpstream,5.75,4.6,1.15,1.15
143259,Crank Up 4K MEGA Lv.29,jack,Minijacks,5.8,4.4,1.4,1.4
143260,Crank Up 4K CASUAL Lv.7,speed,Trills,-1.16,2.6,-3.76,3.76
143267,WORM RAVE 4K Hard Lv.19,stamina,Jumpstream Tech,3.18,1.4,1.78,1.78
143301,宙天 4K Re_Master Lv.33,speed,Minitrills Tech,7.75,7.2,0.55,0.55
143304,we make a good team 4K What is Love__Insane Lv.27,jack,Minijacks,5.75,4.2,1.55,1.55
143332,POLYBIUS GB SPEEDRUN -Glitchless 100% WR in 0_03_57- 4K Insane Lv.33,stamina,Jumpstream,7.75,7.4,0.35,0.35
143335,POLYBIUS GB SPEEDRUN -Glitchless 100% WR in 0_03_57- 4K Expert Lv.27,speed,Minitrills,5.75,4.4,1.35,1.35
143367,while (screen is blue) 4K Error Lv.30,ln,Jumpstream Tech,6.37,5.4,0.97,0.97
143406,雨露霜雪 4K RE_MASTER Lv.35,ln,Jacky WC Tech,8.79,9.4,-0.61,0.61
143432,宙天 4K Master Lv.26,speed,Minitrills Tech,4.75,4.4,0.35,0.35
143469,雨露霜雪 4K EXPERT Lv.27,speed,Jumpstream,5.75,5.4,0.35,0.35
143511,Heart of Witch 4K HD Lv.26,stamina,Jumpstream,4.75,4.8,-0.05,0.05
143516,Palette Lab 4K Black Another Lv.29,speed,Minitrills Tech,5.8,5.6,0.2,0.2
143538,while (screen is blue) 4K Horizon Lv.35,ln,Speedy WC Tech,8.79,9.6,-0.81,0.81
143614,Retribution ~ Cycle of Redemption ~ 4K MASTER Lv.34,ln,Handstream Tech,7.93,6.4,1.53,1.53
143631,cold planet (Oceanfront City Remix) 4K Normal Lv.14,speed,Minitrills Tech,0.49,1,-0.51,0.51
143632,cold planet (Oceanfront City Remix) 4K Hyper Lv.22,stamina,Jumpstream Tech,3.41,2.6,0.81,0.81
143655,Stellar_Dream 4K Dreamy Lv.26,jack,Jumpstream,4.75,4.6,0.15,0.15
143702,キバナリュウゲ 4K Another Lv.28,speed,Minitrills Tech,5.75,5.6,0.15,0.15
143787,Life is beautiful 4K Black Another Lv.31,stamina,Jumpstream Tech,7.75,7.2,0.55,0.55
143790,Life is beautiful 4K Hyper Lv.17,speed,Minitrills Tech,2.11,1,1.11,1.11
143793,Life is beautiful 4K Another Lv.27,stamina,Jumpstream Tech,5.75,5.6,0.15,0.15
143871,水蓮 4K Opus Lv.27,speed,Minitrills Tech,5.75,4.4,1.35,1.35
144001,Black MInD 4K Groove Lv.27,stamina,Jumpstream Tech,5.75,5,0.75,0.75
144009,Seagull 4K Seagull Lv.28,ln,Density,5.75,4,1.75,1.75
144033,23時54分、陽の旅路へのプレリュード 4K Terminus Lv.38,ln,Coordination,10.43,12,-1.57,1.57
144051,23時54分、陽の旅路へのプレリュード 4K Cessant Lv.34,speed,Minitrills,7.93,8.6,-0.67,0.67
144099,Silver Town 4K INFERNO Lv.27,ln,Jumpstream Tech,5.75,4,1.75,1.75
144108,23時54分、陽の旅路へのプレリュード 4K Expert Lv.31,speed,Stream,7.75,6,1.75,1.75
144138,Looking for Edge of Ground 4K Towards The Great Beyond Lv.34,ln,Shield,7.93,7.2,0.73,0.73
144143,23時54分、陽の旅路へのプレリュード 4K Hard Lv.25,speed,Rolls,4.75,4.2,0.55,0.55
144247,Immaculate 4K Flawless Lv.28,speed,Minitrills,5.75,5,0.75,0.75
144293,lovelynonsense 4K Another Lv.34,ln,Jacky WC Tech,7.93,7.6,0.33,0.33
144300,Galactic D-SavioR 4K MMTP99's Extra Lv.33,stamina,Jumpstream Tech,7.75,7.4,0.35,0.35
144342,Innocent 4K EXHAUST Lv.21,stamina,Jumpstream,3.25,3.4,-0.15,0.15
144399,終の舞姫 4K Cadence (Lanota Ver.) Lv.32,ln,Density,7.75,4.6,3.15,3.15
144443,飄える翼追い掛けて 4K Last Plaudits Lv.37,ln,Coordination,10.25,10,0.25,0.25
144585,Apollo 4K NULL Lv.37,ln,Jacky WC,10.25,9.8,0.45,0.45
144630,Midnight Syndrome 4K Special Rough Lv.36,speed,Minitrills Tech,9.04,9.8,-0.76,0.76
144631,23時54分、陽の旅路へのプレリュード 4K Black Another Lv.36,ln,Density,9.04,10,-0.96,0.96
144646,Wolves Standing Towards Enemies 4K Wolf King Lv.32,ln,HS Density Tech,7.75,5.8,1.95,1.95
144647,Wolves Standing Towards Enemies 4K Insane Lv.30,stamina,Jumpstream,6.37,5.4,0.97,0.97
144694,Heart Of Witch 4K Hard Lv.23,speed,Minitrills,4.06,4.2,-0.14,0.14
144752,Seagull 4K Fly Wit Me Lv.32,ln,Density,7.75,5.8,1.95,1.95
144768,Echoes of Memoria [Marathon] 4K Desolation Lv.37,ln,Speedy WC Tech,10.25,10.4,-0.15,0.15
145037,Thinker Walker Dreamer Scatter 4K Retrofuture Lv.32,ln,Jacky WC Tech,7.75,5.8,1.95,1.95
145053,Who then no 灯 4K Dark Lv.30,ln,Density,6.37,6,0.37,0.37
145098,Bismuth 4K Crystallized Lv.38,ln,JS Density,10.43,11.4,-0.97,0.97
145533,Akasha 4K ADVANCED Lv.25,stamina,Jumpstream Tech,4.75,4.4,0.35,0.35
145534,Akasha 4K EXHAUST Lv.29,stamina,Minitrills,5.8,7.2,-1.4,1.4
145535,Akasha 4K MAXIMUM Lv.34,stamina,Jumpstream Tech,7.93,9.8,-1.87,1.87
145536,Akasha 4K Celestius Advent Lv.36,ln,Shield,9.04,8.6,0.44,0.44
145548,Noushou Sakuretsu Girl 4K Original.ver Lv.30,speed,Jumpstream,6.37,5.8,0.57,0.57
145549,Noushou Sakuretsu Girl 4K Hard Lv.21,stamina,Jumpstream Tech,3.25,1,2.25,2.25
145550,Noushou Sakuretsu Girl 4K Normal Lv.16,speed,Minitrills Tech,1.57,1,0.57,0.57
145552,Noushou Sakuretsu Girl 4K Insane Lv.27,stamina,Jumpstream Tech,5.75,4.8,0.95,0.95
145632,Tiferet 4K Another Lv.29,ln,Shield,5.8,5,0.8,0.8
145715,Tiferet 4K Hyper Lv.23,stamina,Jumpstream,4.06,4.6,-0.54,0.54
145960,Catalinesie 4K Delusion Lv.21,speed,Minitrills Tech,3.25,3.4,-0.15,0.15
145962,Catalinesie 4K Hallucination Lv.28,speed,Minitrills,5.75,5.8,-0.05,0.05
145963,Catalinesie 4K Simulacrum Lv.25,speed,Minitrills,4.75,4.6,0.15,0.15
145964,Catalinesie 4K Phantasmagory Lv.33,stamina,Jumpstream Tech,7.75,7.4,0.35,0.35
146232,iL-Artifact 4K Hard Lv.27,ln,Shield,5.75,4.8,0.95,0.95
146402,Serein [Marathon] 4K Silence Lv.34,speed,Minitrills Tech,7.93,6.8,1.13,1.13
146792,Caravan 4K Full.ver Lv.37,ln,Jumpstream Tech,10.25,7.2,3.05,3.05
146829,Giselle 4K Hard Lv.28,speed,Minitrills Tech,5.75,5.4,0.35,0.35
146830,Giselle 4K Medium Lv.18,ln,Minitrills Tech,2.64,1,1.64,1.64
146916,Innocent 4K Plz’s MAXIMUM Lv.32,jack,Longjacks Tech,7.75,6,1.75,1.75
146922,ルビーと遊ぶ 4K Nirvana Lv.31,stamina,Jumpstream,7.75,6.2,1.55,1.55
146924,疾風怒濤 4K Torrent Lv.27,speed,Jumpstream Tech,5.75,5.4,0.35,0.35
146994,Innocent 4K Plz’s EXHAUST Lv.28,speed,Minijacks,5.75,5.4,0.35,0.35
147051,Sapphire On Fire 4K Black Another Lv.29,stamina,Jumpstream,5.8,5.8,0.0,0.0
147301,Wing of Destiny 4K Normal Lv.17,speed,Minitrills,2.11,2.2,-0.09,0.09
147302,Wing of Destiny 4K Hard Lv.25,stamina,Jumpstream,4.75,3.4,1.35,1.35
147303,Wing of Destiny 4K Insane Lv.29,speed,Minitrills,5.8,5.2,0.6,0.6
147304,Wing of Destiny 4K Expert Lv.35,stamina,Jumpstream,8.79,8.6,0.19,0.19
147442,POP IN 2 4K HD Lv.25,stamina,Jumpstream Tech,4.75,4.4,0.35,0.35
147463,ルビーと遊ぶ 4K Another Lv.29,stamina,Jumpstream,5.8,7,-1.2,1.2
147464,ルビーと遊ぶ 4K Hyper Lv.21,speed,Minitrills,3.25,2.6,0.65,0.65
147466,L.F.O 4K H.R.D Lv.27,ln,Coordination,5.75,4.6,1.15,1.15
147467,L.F.O 4K N.M.L Lv.17,stamina,Jumpstream Tech,2.11,3,-0.89,0.89
147656,躯樹の墓守 4K Lament Lv.36,ln,Shield,9.04,8.8,0.24,0.24
147674,Crank Up 4K HARD Lv.24,stamina,Jumpstream Tech,4.75,3.4,1.35,1.35
147788,其のエメラルドを見よ 4K Celestial Lv.28,stamina,Jumpstream,5.75,6.6,-0.85,0.85
147933,Breakcore WTF!_ 4K Hard Lv.27,ln,Jumpstream Tech,5.75,4.2,1.55,1.55
148213,其のエメラルドを見よ 4K Stare Lv.24,speed,Jumpstream Tech,4.75,4.6,0.15,0.15
148519,RPG 4K Another Lv.32,stamina,Handstream Tech,7.75,7.4,0.35,0.35
148577,Bluenation 4K Bluemap Lv.28,speed,Minitrills,5.75,4.6,1.15,1.15
148639,RPG 4K Normal Lv.20,speed,Minitrills Tech,3.25,1.6,1.65,1.65
148795,Nhelv 4K Insane Lv.34,stamina,Jumpstream,7.93,6,1.93,1.93
148910,Aestivalis 4K Trance Lv.30,speed,Jumpstream,6.37,4.6,1.77,1.77
148999,DARLING LIGHTNING LOVE BEAM 4K Insane Lv.29,stamina,Jumpstream Tech,5.8,5.4,0.4,0.4
149259,Widow's kiss 4K Aesthetics Lv.34,speed,Minitrills Tech,7.93,7.2,0.73,0.73
149348,XaleidoscopiX 4K Phantasmagoria Lv.36,ln,Shield,9.04,10.4,-1.36,1.36
149437,Fin.ArcDeaR 4K Vesper Lv.19,speed,Minitrills Tech,3.18,3,0.18,0.18
149438,Fin.ArcDeaR 4K Twilight Lv.28,speed,Minitrills,5.75,5.6,0.15,0.15
149439,Fin.ArcDeaR 4K Crepuscule Lv.34,stamina,Jumpstream,7.93,8.6,-0.67,0.67
149458,ruin of opals 4K Aftermath Lv.33,speed,Minitrills Tech,7.75,7.2,0.55,0.55
149831,NeruNeru-Chan travels to the Luminous Stars! 4K Stars jingle all the way Lv.35,speed,Coordination,8.79,7.2,1.59,1.59
149897,Cynosure 4K Lodestar Lv.31,ln,JS Density,7.75,5.8,1.95,1.95
150028,Waking Shadows (feat. Eili) 4K Luminescence Lv.32,speed,Jumpstream,7.75,5.4,2.35,2.35
150173,Hoshi no Tooru Natsusora ni Negau 4K MAXIMUM Lv.34,speed,Minitrills Tech,7.93,6.2,1.73,1.73
150180,Awakening 4K Transcendence Lv.38,ln,JS Density,10.43,11.6,-1.17,1.17
150246,Awakening 4K Epiphany Lv.34,ln,Shield,7.93,7.6,0.33,0.33
150255,Hoshi no Tooru Natsusora ni Negau 4K EXHAUST Lv.27,speed,Jumpstream Tech,5.75,5.4,0.35,0.35
150281,Awakening 4K Emergence Lv.29,stamina,Coordination,5.8,5.6,0.2,0.2
150543,LIFE Garden 4K Hard Lv.27,speed,Jumpstream,5.75,4.2,1.55,1.55
150565,Beyond the Geostationary Orbit Level 4K Interstellar Voyager Lv.36,ln,Coordination,9.04,9.2,-0.16,0.16
150566,F R A M E 0 9 4K OVERDRIVE Lv.31,speed,Minitrills Tech,7.75,5.4,2.35,2.35
150574,F R A M E 0 9 4K PARADIGM Lv.35,ln,Shield,8.79,7.2,1.59,1.59
150582,Giorgio 4K Hard Lv.27,jack,Minijacks Tech,5.75,4.4,1.35,1.35
150583,Giorgio 4K Medium Lv.16,speed,Jumpstream Tech,1.57,1,0.57,0.57
150584,Giorgio 4K Easy Lv.8,speed,Minitrills Tech,-0.97,2.6,-3.57,3.57
150599,Creigis 4K Hard Lv.28,speed,Jumpstream Tech,5.75,5.4,0.35,0.35
150606,Creigis 4K Hyper Lv.22,stamina,Jumpstream,3.41,2.6,0.81,0.81
150615,Shiver 4K Another Lv.34,speed,Minitrills Tech,7.93,7.2,0.73,0.73
150620,Bloom 4K Bloom Lv.30,speed,Minitrills Tech,6.37,5.2,1.17,1.17
150637,Burst Λnd reBoost 4K EXHAUST Lv.32,speed,Minijacks Tech,7.75,6.8,0.95,0.95
150776,GHOUL 4K Umbral Phantasm Lv.38,ln,JS Density,10.43,11.4,-0.97,0.97
150784,Creigis 4K Another Lv.33,speed,Handstream Tech,7.75,7.4,0.35,0.35
150875,Shiver 4K Hyper Lv.23,ln,Coordination,4.06,3.4,0.66,0.66
150878,F R A M E 0 9 4K ACTIVE Lv.25,speed,Jumpstream Tech,4.75,2.6,2.15,2.15
150893,Back! to the Future 4K 2100's Lv.34,ln,Shield,7.93,7,0.93,0.93
150907,Eternity 4K Hyper Lv.28,stamina,Jumpstream Tech,5.75,4.2,1.55,1.55
150910,Eternity 4K Another Lv.32,ln,Shield,7.75,6.4,1.35,1.35
150945,Phonologic 4K Hyperarticulation Lv.37,speed,Minitrills Tech,10.25,9,1.25,1.25
151072,Sapphire On Fire 4K Another Lv.24,stamina,Jumpstream Tech,4.75,4,0.75,0.75
151104,Sapphire On Fire 4K Hyper Lv.20,speed,Minitrills,3.25,2.6,0.65,0.65
151244,Traverse 4K oan Lv.32,speed,Minitrills Tech,7.75,5.8,1.95,1.95
151429,Viyella's Tears 4K Expert Lv.24,speed,Rolls,4.75,4.6,0.15,0.15
151430,Viyella's Tears 4K Master Lv.32,stamina,Jumpstream,7.75,7.4,0.35,0.35
151558,Retro Fusion 4K Insane Lv.29,speed,Minitrills Tech,5.8,5.6,0.2,0.2
151566,〇、 4K Transcendent Lv.33,speed,Coordination,7.75,5.8,1.95,1.95
151590,GHOUL 4K Haunter Lv.35,ln,Jumpstream,8.79,8,0.79,0.79
151626,GHOUL 4K Specter Lv.28,ln,Jumpstream Tech,5.75,5.2,0.55,0.55
151639,Blossom 4K Of Petals and Love Lv.33,speed,Minitrills Tech,7.75,6.6,1.15,1.15
151720,Stick Trick ShowTime!! 4K Hard!!! Lv.27,ln,Jumpstream,5.75,5,0.75,0.75
151749,Cynosure 4K Dramatical Lv.34,ln,Jumpstream Tech,7.93,7.4,0.53,0.53
151792,致姗姗来迟的你 4K I will always wait for you Lv.28,speed,Minitrills Tech,5.75,5.4,0.35,0.35
151873,躯樹の墓守 4K Maximum Lv.33,ln,Jumpstream Tech,7.75,5.8,1.95,1.95
151970,躯樹の墓守 4K Advanced Lv.27,stamina,Jumpstream Tech,5.75,4.8,0.95,0.95
152154,Finixe 4K Hard Lv.32,speed,Stream,7.75,7.4,0.35,0.35
152155,Finixe 4K Hyper Lv.25,stamina,Jumpstream,4.75,2.6,2.15,2.15
152310,KOKUSHI MUSOU 4K EXPERT Lv.28,speed,Jumpstream,5.75,4.6,1.15,1.15
152337,Cynosure 4K Hard Lv.26,stamina,Jumpstream,4.75,5.4,-0.65,0.65
152347,Stick Trick ShowTime!! 4K StickTime!! Lv.35,ln,JS Density,8.79,7.8,0.99,0.99
152462,Bird Sprite -Awakening of Light- 4K Another Lv.27,stamina,Jumpstream Tech,5.75,4.6,1.15,1.15
152463,Bird Sprite -Awakening of Light- 4K Hyper Lv.18,speed,Minitrills,2.64,1.8,0.84,0.84
152496,KOKUSHI MUSOU 4K HARD Lv.35,ln,Jumpstream,8.79,7.4,1.39,1.39
152509,Nhelv 4K Hard Lv.28,stamina,Jumpstream,5.75,4.2,1.55,1.55
152513,Nhelv 4K Normal Lv.19,stamina,Jumpstream Tech,3.18,2.6,0.58,0.58
152565,Back! to the Future (Cut Ver.) 4K 2000's Lv.28,jack,Minijacks,5.75,5.4,0.35,0.35
152728,Stick Trick ShowTime!! 4K Hoshimiya's Oni Lv.26,speed,Jumpstream,4.75,4,0.75,0.75
152764,Stick Trick ShowTime!! 4K Extreme Lv.28,stamina,Jumpstream,5.75,5,0.75,0.75
152768,Stick Trick ShowTime!! 4K Advanced Lv.21,stamina,Jumpstream Tech,3.25,3.6,-0.35,0.35
152848,Digibuprofen 4K Lv.35,speed,Minitrills Tech,8.79,7.4,1.39,1.39
153153,Kirin 4K Master Lv.26,speed,Minitrills,4.75,5.2,-0.45,0.45
153183,Alter Ego 4K HARD Lv.24,speed,Minitrills Tech,4.75,3.6,1.15,1.15
153316,Out of place 4K Daunting Lv.32,speed,Jumpstream,7.75,7,0.75,0.75
153561,Just The Two Of Us 4K HD Lv.21,speed,Minitrills Tech,3.25,2.2,1.05,1.05
153728,Zhuzhzhalka76 4K UVB-76 Lv.33,ln,Shield,7.75,6.8,0.95,0.95
153908,IMAWANOKIWA 4K Farewell Lv.30,stamina,Jumpstream Tech,6.37,6,0.37,0.37
154258,超主人公 4K You're a Hero Lv.10,speed,Minitrills,-0.59,1,-1.59,1.59
154273,stresstest 4K Poweroff Lv.33,stamina,Jumpstream,7.75,8.6,-0.85,0.85
154333,Opelia 4K Reverie Lv.30,speed,Minitrills Tech,6.37,4.2,2.17,2.17
154409,Artist 4K Artist Lv.28,stamina,Coordination,5.75,5.2,0.55,0.55
154415,Artist 4K Hyper Lv.18,speed,Minitrills Tech,2.64,2.6,0.04,0.04
154500,Opaque Couché 4K Insane Lv.28,ln,Coordination,5.75,4.8,0.95,0.95
154527,ARTFIGHT ：MINMAX 4K CyclopeaN Lv.37,ln,JS Density,10.25,10.8,-0.55,0.55
154575,The Final Gates 4K The Fatalis Lv.31,speed,Density,7.75,5,2.75,2.75
155072,Jingle (Metal Arrange _ Cover) 4K Resonant Lv.34,stamina,Jumpstream Tech,7.93,9.6,-1.67,1.67
155112,Kool Awesome Croon 4K Insane Lv.28,stamina,Jumpstream,5.75,5.2,0.55,0.55
155144,The Final Gates 4K Last Mythal Lv.33,speed,Coordination,7.75,6,1.75,1.75
155154,Remnants of Turing 4K MASTER Lv.32,speed,Jumpstream Tech,7.75,6,1.75,1.75
155197,Remnants of Turing 4K EXPERT Lv.26,speed,Minitrills Tech,4.75,4.4,0.35,0.35
155242,Remnants of Turing 4K ADVANCED Lv.19,speed,Minitrills Tech,3.18,2.6,0.58,0.58
155251,Unsan-musho 4K __ZEPHYROX__ Lv.35,speed,Minitrills Tech,8.79,11.4,-2.61,2.61
155502,Ennor 4K Normal Lv.20,speed,Minitrills,3.25,1.6,1.65,1.65
155516,Ennor 4K Hard Lv.27,stamina,Jumpstream Tech,5.75,4.2,1.55,1.55
155523,Ennor 4K Insane Lv.32,stamina,Jumpstream,7.75,6,1.75,1.75
155559,"BIRTHDAY SPECIAL 4K OMG, today is birthday!_ Lv.37",ln,Shield,10.25,8.2,2.05,2.05
155857,紫陽花 -AZISAI- 4K Spring View (Long Ver.) Lv.39,speed,Minijacks,11.25,11.4,-0.15,0.15
155861,Xeroize 4K Zeroize (Modified ver.) Lv.34,ln,Jacky WC Tech,7.93,6,1.93,1.93
156074,Ash of Wreck 4K Disorder Lv.33,speed,Minitrills Tech,7.75,5.6,2.15,2.15
156255,"Windflower (euphorian, pixondle, Chalbert, and Hollimon Remix) 4K Delicate Lv.33",speed,Jacky WC Tech,7.75,6,1.75,1.75
156273,White Stream 4K ADVANCED Lv.21,speed,Jumpstream,3.25,3,0.25,0.25
156312,Primordial Complex 4K Origination Lv.39,speed,JS Density,11.25,12.6,-1.35,1.35
156485,SUPER SEX DELIVERY 2 - ENTER THE CUM ZONE 4K WELCOME TO THE CUM ZONE Lv.34,ln,JS Density,7.93,5.8,2.13,2.13
156669,"Evening (Bereave, Blood, Black) 4K Annihilation Lv.35",speed,Minitrills Tech,8.79,8.6,0.19,0.19
156693,iL-Artifact 4K Another Lv.30,ln,Density,6.37,5.4,0.97,0.97
156966,Godslain 4K godless Lv.34,speed,Minitrills,7.93,7.4,0.53,0.53
157322,Gumbarlzo! 4K SYSTEMIC OVERLOAD Lv.37,ln,Shield,10.25,10.8,-0.55,0.55
157378,おべか 4K Normal Lv.18,stamina,Jumpstream Tech,2.64,2.4,0.24,0.24
157498,Erasure_ A World Without You 4K Normal Lv.20,speed,Minitrills Tech,3.25,2.8,0.45,0.45
157507,Erasure_ A World Without You 4K Hard Lv.32,stamina,Jumpstream Tech,7.75,6.8,0.95,0.95
157813,Yorugao 4K Val’s Hard Lv.23,speed,Jumpstream Tech,4.06,2.6,1.46,1.46
157871,The Endless for Traveler 4K TwT Lv.30,speed,Jumpstream,6.37,5.2,1.17,1.17
157973,Tengoku 4K HELLVENLY Lv.33,stamina,Jumpstream,7.75,7.4,0.35,0.35
158058,Godzilla 4K Insane Lv.23,speed,Minitrills,4.06,3.2,0.86,0.86
158181,Godslain 4K profane veneration Lv.37,ln,Coordination,10.25,9.2,1.05,1.05
158190,Revolution 4K Normal Lv.22,stamina,Jumpstream,3.41,2,1.41,1.41
158207,Godzilla 4K Hard Lv.17,speed,Minitrills,2.11,2.2,-0.09,0.09
158349,Croque Monsieur À Disneyland 4K Bon appétit Lv.38,speed,Minitrills Tech,10.43,11.4,-0.97,0.97
158370,Revolution 4K Another Lv.27,ln,Coordination,5.75,4,1.75,1.75
158536,Yume no Furu hi ni 4K Magical Lv.36,speed,Jacky WC,9.04,9,0.04,0.04
158660,Cult future 4K EXPERT Lv.27,stamina,Jumpstream Tech,5.75,4.4,1.35,1.35
158661,Cult future 4K ADVANCED Lv.18,speed,Jumpstream Tech,2.64,3,-0.36,0.36
158681,Cult future 4K FDShijing's EXPERT Lv.29,stamina,Jumpstream,5.8,4.6,1.2,1.2
158736,Yume no Furu hi ni 4K Expert Lv.32,speed,Minitrills Tech,7.75,5.8,1.95,1.95
159489,地区 Shangri-LA 4K Another Lv.32,speed,Trills,7.75,7.2,0.55,0.55
159587,Wayfarer 4K Solivagant Lv.36,speed,Minitrills Tech,9.04,9.8,-0.76,0.76
159606,This Town 4K Jack Lv.27,stamina,Jumpstream,5.75,4.4,1.35,1.35
